date,0
2016-02-29,0.3869260383941865
2016-03-01,0.2864023722383993
2016-03-02,0.25707530788341837
2016-03-03,0.24765758734447865
2016-03-04,0.3232193100889444
2016-03-07,0.02931357796329563
2016-03-08,0.08752718315520422
2016-03-09,0.2673585702948664
2016-03-10,0.3015929257292685
2016-03-11,0.06692084865608941
2016-03-14,0.11413183776150153
2016-03-15,0.2043748513117468
2016-03-16,0.11603251653919551
2016-03-17,0.004138034098857612
2016-03-18,-0.04540925228892407
2016-03-21,-0.04430811179277437
2016-03-22,0.03909527715926403
2016-03-23,0.04831780538302278
2016-03-24,0.09566854512173263
2016-03-25,0.04602325173486861
2016-03-28,-0.061875013996036114
2016-03-29,-0.06393005952607327
2016-03-30,-0.13127239073322186
2016-03-31,-0.1826181645547227
2016-04-01,-0.16887897378694924
2016-04-05,-0.09334630156117511
2016-04-06,-0.08820292255496488
2016-04-07,-0.15672602124794252
2016-04-08,-0.22551385469236732
2016-04-11,-0.2280834200789471
2016-04-12,-0.25972003312585157
2016-04-13,-0.2056367376379131
2016-04-14,-0.09910900112905201
2016-04-15,-0.01873274261990805
2016-04-18,-0.1970345381089059
2016-04-19,-0.22162091764066924
2016-04-20,-0.2502812553687909
2016-04-21,-0.16740929167982888
2016-04-22,-0.23931645246922814
2016-04-25,-0.19427825619298097
2016-04-26,-0.22892081585538046
2016-04-27,-0.16004060588251012
2016-04-28,-0.18101844640982406
2016-04-29,-0.06513771817297832
2016-05-03,0.027156545753414314
2016-05-04,0.017982525701749078
2016-05-05,0.03671934028952724
2016-05-06,-0.0022516597734348383
2016-05-09,0.13186829458033092
2016-05-10,0.10622151042405964
2016-05-11,0.08884032431801116
2016-05-12,0.09057118354519693
2016-05-13,-0.007536945812807882
2016-05-16,0.00012979156864734105
2016-05-17,-0.056470776393526864
2016-05-18,-0.12359308541119021
2016-05-19,-0.030237430670475327
2016-05-20,-0.11846763029363971
2016-05-23,-0.09453047247574764
2016-05-24,-0.06892906214311643
2016-05-25,-0.17010343917248663
2016-05-26,-0.21902113800430634
2016-05-27,-0.10714637363209378
2016-05-30,-0.04320520349132004
2016-05-31,-0.17774558384635655
2016-06-01,-0.191226515442041
2016-06-02,-0.15337022026662767
2016-06-03,-0.16969494987967662
2016-06-06,-0.15775769869957204
2016-06-07,-0.13376342391572985
2016-06-08,-0.0317788272894082
2016-06-13,0.14864194840523293
2016-06-14,0.20770416024653315
2016-06-15,0.12101562990396082
2016-06-16,0.06088339296549704
2016-06-17,0.01906643209152546
2016-06-20,0.08727052608408542
2016-06-21,0.0004652793407316356
2016-06-22,0.028963240149680824
2016-06-23,0.001663104031647912
2016-06-24,0.045232225401716925
2016-06-27,0.05030004478280341
2016-06-28,0.06844379758172862
2016-06-29,0.10907971339005823
2016-06-30,-0.0023638167828005704
2016-07-01,-0.01599014665486141
2016-07-04,-0.026839404703864082
2016-07-05,-0.0026041469239225204
2016-07-06,-0.024055191236116907
2016-07-07,0.024566666405583016
2016-07-08,0.1273429617768601
2016-07-11,0.05781149382272469
2016-07-12,0.07039993789382432
2016-07-13,0.11608624187853722
2016-07-14,0.03182275829659603
2016-07-15,-0.0060722038746051825
2016-07-18,-0.09462084876449516
2016-07-19,-0.07199240393697418
2016-07-20,-0.049853923695691346
2016-07-21,-0.08773834981448624
2016-07-22,-0.029670344681739715
2016-07-25,-0.020259850646590975
2016-07-26,0.006026488682045243
2016-07-27,0.005379552029126885
2016-07-28,0.020282519007788304
2016-07-29,0.01965185121549856
2016-08-01,0.13318898845513436
2016-08-02,0.08196923529717283
2016-08-03,0.062111545852738016
2016-08-04,-0.10252215228717053
2016-08-05,-0.10131722715226363
2016-08-08,-0.13571670611117553
2016-08-09,-0.18049124451579382
2016-08-10,-0.10933871760105415
2016-08-11,-0.039191278911114215
2016-08-12,-0.09665730071101117
2016-08-15,-0.13530539637471653
2016-08-16,-0.1044617607803
2016-08-17,-0.04179396874312129
2016-08-18,-0.0002201188641866608
2016-08-19,0.022315270935960592
2016-08-22,-0.0068038778361653686
2016-08-23,-0.09674669642676814
2016-08-24,-0.1370195905789126
2016-08-25,-0.12338983050847459
2016-08-26,-0.20744749633203896
2016-08-29,-0.1800089565606807
2016-08-30,-0.1479780564263323
2016-08-31,0.015992624781426917
2016-09-01,-0.0643176582048619
2016-09-02,-0.018785177745694975
2016-09-05,-0.02689307372056617
2016-09-06,-0.036054850951508045
2016-09-07,-0.027711186890372826
2016-09-08,-0.018243451463790448
2016-09-09,-0.0387343165309267
2016-09-12,0.05261987577035652
2016-09-13,0.004831662246190128
2016-09-14,0.02507211984741747
2016-09-19,-0.040987460815047026
2016-09-20,-0.05669717884350654
2016-09-21,0.030600991857859423
2016-09-22,0.015172801657938497
2016-09-23,-0.024697771378860343
2016-09-26,0.026922738278670484
2016-09-27,0.023825561270563032
2016-09-28,0.028557993730407526
2016-09-29,0.09800716524854457
2016-09-30,0.10847066726377072
2016-10-10,-0.0061457186880915695
2016-10-11,-0.048045338211804754
2016-10-12,-0.07694642612058886
2016-10-13,-0.0769704433497537
2016-10-14,-0.09728392297357814
2016-10-17,-0.08384684281236005
2016-10-18,-0.11652154104615733
2016-10-19,-0.2023904908650672
2016-10-20,-0.14188421747743782
2016-10-21,-0.2100352190182699
2016-10-24,-0.21835783515221383
2016-10-25,-0.1959681900245424
2016-10-26,-0.2190838108758505
2016-10-27,-0.19239841761742354
2016-10-28,-0.19394790602655773
2016-10-31,-0.0009392399409674984
2016-11-01,-0.010246050202559157
2016-11-02,-0.05347491163833798
2016-11-03,-0.0834490695214153
2016-11-04,0.016134966282337057
2016-11-07,-0.016273799584116195
2016-11-08,-0.08078895345057259
2016-11-09,-0.01384512673701989
2016-11-10,0.07444715522184783
2016-11-11,0.160896477094022
2016-11-14,0.16813330985093913
2016-11-15,0.17466211380068133
2016-11-16,0.13318030213591353
2016-11-17,0.12658757997682651
2016-11-18,0.07850403829019387
2016-11-21,0.037939102398521954
2016-11-22,0.04596976015580813
2016-11-23,0.03033974299473198
2016-11-24,0.018150831128225842
2016-11-25,-0.00656599711394507
2016-11-28,0.085726587945342
2016-11-29,0.05840716579090072
2016-11-30,0.022156574542774227
2016-12-01,0.09061706033885027
2016-12-02,0.11029444882392202
2016-12-05,-0.07717814365220825
2016-12-06,-0.01629383011535492
2016-12-07,-0.06908673459123431
2016-12-08,-0.07872007901379789
2016-12-09,-0.05269407319949054
2016-12-12,0.08957302043989311
2016-12-13,0.14036974826804016
2016-12-14,0.13913827919628394
2016-12-15,0.03337896796220154
2016-12-16,0.08087486625793743
2016-12-19,0.05448458274342628
2016-12-20,0.132274072251492
2016-12-21,0.15509838853262162
2016-12-22,0.11541623423899851
2016-12-23,0.08577146342834958
2016-12-26,0.09187978680685177
2016-12-27,0.00972996841045854
2016-12-28,0.026542624851995336
2016-12-29,0.042751932989157575
2016-12-30,-0.02491129413565532
2017-01-03,-0.0633605567379856
2017-01-04,-0.08325413077781911
2017-01-05,-0.10259864864502866
2017-01-06,-0.0763660531791343
2017-01-09,-0.07150275046589923
2017-01-10,-0.1005684057848758
2017-01-11,-0.13726161988800029
2017-01-12,-0.12562368353722764
2017-01-13,-0.20746213889015838
2017-01-16,-0.07714587324082567
2017-01-17,-0.02261735716044402
2017-01-18,0.07828146141019326
2017-01-19,0.05828787077547393
2017-01-20,-0.02800210588204841
2017-01-23,-0.10189934771250479
2017-01-24,-0.005117347931110523
2017-01-25,-0.023887266563393246
2017-01-26,0.05977928620762063
2017-02-03,0.06795758259512734
2017-02-06,0.03962149786902066
2017-02-07,0.052634787019688635
2017-02-08,0.028980880936644655
2017-02-09,0.03354477362117711
2017-02-10,0.03708223644372291
2017-02-13,0.04009379535131659
2017-02-14,0.018798405067942798
2017-02-15,0.0015722614000502244
2017-02-16,0.09508157344328105
2017-02-17,0.07862323544875138
2017-02-20,0.04303193850413925
2017-02-21,0.03918331917370083
2017-02-22,-0.021313090389062116
2017-02-23,-0.0444061931644872
2017-02-24,-0.04766433211292401
2017-02-27,0.02469436262207203
2017-02-28,-0.02862471944652073
2017-03-01,0.02602391300169785
2017-03-02,0.04664724565985017
2017-03-03,-0.03659217790872717
2017-03-06,0.03325996448250344
2017-03-07,0.010569601074948557
2017-03-08,0.049270194129400105
2017-03-09,0.014750860807919203
2017-03-10,0.05205619110744006
2017-03-13,0.06826175570587897
2017-03-14,0.06168863343739685
2017-03-15,0.03189682027489762
2017-03-16,0.028748902913925272
2017-03-17,0.014926175084123356
2017-03-20,-0.025747746747422938
2017-03-21,-0.041504904927444235
2017-03-22,0.08437224734290925
2017-03-23,0.049309434849006045
2017-03-24,0.01392832116561189
2017-03-27,-0.01294845856382971
2017-03-28,-0.029045595215382504
2017-03-29,-0.04266004961931138
2017-03-30,-0.06844024403297272
2017-03-31,0.05277400792787081
2017-04-05,0.15046513216161142
2017-04-06,0.18022937609921483
2017-04-07,0.14244878013527085
2017-04-10,0.18431752171283147
2017-04-11,0.16654029920140082
2017-04-12,0.2070975892161755
2017-04-13,0.22739021338417084
2017-04-14,0.158729154975676
2017-04-17,0.15246363066085028
2017-04-18,0.08958639340025198
2017-04-19,0.11432266774899914
2017-04-20,0.14034023790463632
2017-04-21,0.21117406864458804
2017-04-24,0.1373656134386919
2017-04-25,0.1674274250935698
2017-04-26,0.21386939648591796
2017-04-27,0.23139594461631743
2017-04-28,0.2907877808385988
2017-05-02,0.18417533032616454
2017-05-03,0.16828223846522314
2017-05-04,0.19489433065957873
2017-05-05,0.1205527608915301
2017-05-08,0.15136178448084672
2017-05-09,0.12789675476258985
2017-05-10,0.1184668917395915
2017-05-11,0.05200212071965134
2017-05-12,0.029435761825970783
2017-05-15,0.02097105926213656
2017-05-16,0.11311162853776018
2017-05-17,0.1598765211945429
2017-05-18,0.04912166257221482
2017-05-19,0.11485834876501715
2017-05-22,0.10794005725834009
2017-05-23,0.06176005596474988
2017-05-24,0.04169757048467125
2017-05-25,0.08030636900622372
2017-05-26,0.09377138351469876
2017-05-31,0.06707331373547003
2017-06-01,-0.007238087731577254
2017-06-02,-0.007866351459300173
2017-06-05,-0.025818010710994196
2017-06-06,-0.03403231327187071
2017-06-07,0.02136208055338779
2017-06-08,0.03135384978880934
2017-06-09,0.0775235522883077
2017-06-12,0.09939618293563772
2017-06-13,0.06364652451598206
2017-06-14,0.008995524440236357
2017-06-15,0.01361968135209949
2017-06-16,0.031233153417878644
2017-06-19,-0.009853573505452047
2017-06-20,-0.017145769186596986
2017-06-21,0.05496789174007611
2017-06-22,-0.04049426078282688
2017-06-23,-0.08677179924504938
2017-06-26,-0.07636753678530706
2017-06-27,-0.07913462352291989
2017-06-28,-0.11411352605778272
2017-06-29,-0.1184073646572834
2017-06-30,0.02588631858926415
2017-07-03,0.04370017898647305
2017-07-04,0.07954913330448636
2017-07-05,0.05706148313772042
2017-07-06,0.06618178884799991
2017-07-07,0.1378707310590371
2017-07-10,0.09628664795714811
2017-07-11,-0.0007999609677198054
2017-07-12,0.03161397116082845
2017-07-13,0.02306294583849235
2017-07-14,-0.09600391827732757
2017-07-17,-0.23213184499028547
2017-07-18,-0.22944387571389283
2017-07-19,-0.11294471016185648
2017-07-20,-0.08513512706313807
2017-07-21,-0.07888081723461907
2017-07-24,-0.12801491494071207
2017-07-25,-0.0448309985128975
2017-07-26,-0.0929247450379813
2017-07-27,-0.13350171179559173
2017-07-28,-0.11774996709837111
2017-07-31,-0.07287156754692314
2017-08-01,-0.1567479242518198
2017-08-02,-0.17700007119403974
2017-08-03,-0.15768027817472235
2017-08-04,-0.10934840767942218
2017-08-07,-0.09557529192157392
2017-08-08,-0.13834159525658699
2017-08-09,-0.08894865368832944
2017-08-10,-0.07809634465576379
2017-08-11,-0.20913783069992617
2017-08-14,-0.21516500214824882
2017-08-15,-0.17612988032140436
2017-08-16,-0.14498925368214471
2017-08-17,-0.05775172064265002
2017-08-18,-0.06701723136924233
2017-08-21,-0.08080870008421503
2017-08-22,-0.2251937192684974
2017-08-23,-0.14615668347933441
2017-08-24,-0.07043521384044256
2017-08-25,-0.022880459844197336
2017-08-28,-0.009046624409292763
2017-08-29,-0.08811814117210699
2017-08-30,0.02397830344917191
2017-08-31,-0.01447782056583025
2017-09-01,0.0442874977586279
2017-09-04,0.00888359863233081
2017-09-05,-0.012690798867745537
2017-09-06,0.07819051259025726
2017-09-07,0.040566576128858514
2017-09-08,0.11706557745100463
2017-09-11,0.10350228458892223
2017-09-12,0.19741687887665585
2017-09-13,0.22219546489320263
2017-09-14,0.19908256431513066
2017-09-15,0.14818300685693556
2017-09-18,0.22229526718780684
2017-09-19,0.2641191667187913
2017-09-20,0.30103473787795487
2017-09-21,0.29347601805558826
2017-09-22,0.32902627969669995
2017-09-25,0.24247433085322892
2017-09-26,0.26396986394255606
2017-09-27,0.331929201772414
2017-09-28,0.28435909460039877
2017-09-29,0.27418119594820656
2017-10-09,0.19444660997580365
2017-10-10,0.18752010386629483
2017-10-11,0.17103508837653442
2017-10-12,0.17200874197320265
2017-10-13,0.1356598950032591
2017-10-16,0.04646951725987819
2017-10-17,0.0979122646475352
2017-10-18,0.023393994105130687
2017-10-19,0.039879437678925475
2017-10-20,0.08398080928252187
2017-10-23,0.14434726126260453
2017-10-24,0.08499030483198075
2017-10-25,0.06677818002679282
2017-10-26,0.07052360205672133
2017-10-27,0.13760320422662695
2017-10-30,0.12760550623610145
2017-10-31,0.14956360010968056
2017-11-01,0.2194048262601209
2017-11-02,0.18639174293140512
2017-11-03,0.24099445512897044
2017-11-06,0.28416251710359386
2017-11-07,0.2526331477563482
2017-11-08,0.2801090189865884
2017-11-09,0.25602273878379117
2017-11-10,0.33527344640863793
2017-11-13,0.3177421951589139
2017-11-14,0.29521893411204864
2017-11-15,0.2815135630152837
2017-11-16,0.20602719329958957
2017-11-17,0.0828601764919211
2017-11-20,0.14560242194390507
2017-11-21,0.13088039534102094
2017-11-22,0.2268964790520832
2017-11-23,0.23048261180690227
2017-11-24,0.22279834270078008
2017-11-27,0.13244594127296389
2017-11-28,0.14980325073888962
2017-11-29,0.18809456658110899
2017-11-30,0.09742840492406157
2017-12-01,0.07119799354413964
2017-12-04,0.07265799243498561
2017-12-05,0.1734978572484114
2017-12-06,0.12408014041678858
2017-12-07,0.18332129078830564
2017-12-08,0.18363784916536144
2017-12-11,0.1258278606414781
2017-12-12,0.14986210052479199
2017-12-13,0.1265335905811258
2017-12-14,0.05008676697380312
2017-12-15,0.035187610053335636
2017-12-18,-0.06355334116397417
2017-12-19,-0.06810614087088984
2017-12-20,-0.07655564923792789
2017-12-21,-0.11602037799720384
2017-12-22,-0.09455781933602267
2017-12-25,-0.12582368236915836
2017-12-26,-0.08833891287213605
2017-12-27,-0.09070375579235271
2017-12-28,-0.09461054534998967
2017-12-29,-0.11527213095992304
2018-01-02,-0.06873442092052004
2018-01-03,-0.03266295534198292
2018-01-04,-0.00270382372312484
2018-01-05,0.01891628662225174
2018-01-08,0.014993798037768026
2018-01-09,0.019962155000632073
2018-01-10,0.0340713211275067
2018-01-11,0.08232913227437462
2018-01-12,0.07578792311855448
2018-01-15,0.09346168666384806
2018-01-16,0.07377348669037251
2018-01-17,0.22145161846795167
2018-01-18,0.20521478803670895
2018-01-19,0.23003215321467424
2018-01-22,0.0784332671020393
2018-01-23,0.11131418886638117
2018-01-24,0.0804507385411908
2018-01-25,0.09743646164020107
2018-01-26,0.0746072117488058
2018-01-29,0.127385411908025
2018-01-30,0.11792447083904371
2018-01-31,0.12381909547738693
2018-02-01,0.15968397594803738
2018-02-02,0.1269476022115924
2018-02-05,0.20248946122767736
2018-02-06,0.2383048755077407
2018-02-07,0.18944051127812575
2018-02-08,0.1152996176081144
2018-02-09,0.13191324551578426
2018-02-12,0.020571435746858244
2018-02-13,0.024925531443175282
2018-02-14,0.02799963898775305
2018-02-22,0.0038424703118731638
2018-02-23,0.029073234606056056
2018-02-26,-0.07065026625665642
2018-02-27,-0.07915028811994135
2018-02-28,-0.06470671141928641
2018-03-01,-0.11817040400006311
2018-03-02,-0.13051078074304323
2018-03-05,-0.05669338327359932
2018-03-06,-0.005005029775232201
2018-03-07,-0.06895851373230769
2018-03-08,-0.05424479971414644
2018-03-09,-0.02074181488881817
2018-03-12,0.0523954128216948
2018-03-13,0.05860503812993925
2018-03-14,-0.020255682363968273
2018-03-15,0.06120876223995666
2018-03-16,0.12340669206044046
2018-03-19,0.14773629043357409
2018-03-20,0.10859069864462548
2018-03-21,0.07536676284506452
2018-03-22,0.07412538186121544
2018-03-23,0.08451915100854057
2018-03-26,0.0760013656558756
2018-03-27,0.1540245607381354
2018-03-28,0.17881764918072923
2018-03-29,0.11749889713778786
2018-03-30,0.1440264046103337
2018-04-02,0.1325938558479725
2018-04-03,0.09586737836447942
2018-04-04,0.09041824722121197
2018-04-09,0.10727575668674666
2018-04-10,0.08504300299228872
2018-04-11,0.09775051503723979
2018-04-12,0.0772479520385083
2018-04-13,0.06574584365570686
2018-04-16,0.17509815836649234
2018-04-17,0.11465876222412699
2018-04-18,0.1565185535486002
2018-04-19,0.15069361351950122
2018-04-20,0.06617169622110138
2018-04-23,0.03341171408976076
2018-04-24,0.08023343834562173
2018-04-25,-0.004940299360663533
2018-04-26,0.029396842491236128
2018-04-27,0.1141259196337549
2018-05-02,0.2236394336048532
2018-05-03,0.2015643172865211
2018-05-04,0.1003038251524891
2018-05-07,0.1278346878394194
2018-05-08,0.09073203711354993
2018-05-09,0.08082068515397346
2018-05-10,0.07217790481106526
2018-05-11,0.07048009433867274
2018-05-14,0.09010065790548433
2018-05-15,0.1180019320193763
2018-05-16,0.13020002459889352
2018-05-17,0.10583279705306732
2018-05-18,0.10181998505001831
2018-05-21,0.13101352132848199
2018-05-22,0.13850601111947003
2018-05-23,0.1548445196069146
2018-05-24,0.18953050930480742
2018-05-25,0.17903925873722537
2018-05-28,0.10313635249641447
2018-05-29,0.03996053813289301
2018-05-30,-0.005168566802450919
2018-05-31,0.0887156150035434
2018-06-01,-0.06357084700811477
2018-06-04,-0.09338169586825061
2018-06-05,-0.021204432474511484
2018-06-06,-0.029864313746013504
2018-06-07,0.005149515630431524
2018-06-08,0.040909032583815626
2018-06-11,0.0898492159940869
2018-06-12,-0.057751719135777715
2018-06-13,-0.023806916459687296
2018-06-14,0.01313968984551807
2018-06-15,-0.07052785510139724
2018-06-19,-0.14784621065624168
2018-06-20,-0.18892942815682054
2018-06-21,-0.23681649492820248
2018-06-22,-0.28525300595747505
2018-06-25,-0.2595858727043283
2018-06-26,-0.2034576626127689
2018-06-27,-0.13737864804776598
2018-06-28,-0.11213258250468618
2018-06-29,-0.13502489971564607
2018-07-02,-0.1283270125782474
2018-07-03,-0.09857823682261788
2018-07-04,-0.13398097430178516
2018-07-05,-0.10063707469684023
2018-07-06,-0.1539581492349473
2018-07-09,-0.16658283677088692
2018-07-10,-0.20162898570921625
2018-07-11,-0.2472102854117962
2018-07-12,-0.2334451681378185
2018-07-13,-0.19760547022973995
2018-07-16,-0.1911624884756204
2018-07-17,-0.16501550791469732
2018-07-18,-0.23786015181489864
2018-07-19,-0.20533736757708207
2018-07-20,-0.21092233593542498
2018-07-23,-0.14496725628002938
2018-07-24,-0.15142049162559376
2018-07-25,-0.20476060022699724
2018-07-26,-0.18628802830632588
2018-07-27,-0.19605220055223915
2018-07-30,-0.20745755257956822
2018-07-31,-0.17029413377043
2018-08-01,-0.15932672353957114
2018-08-02,-0.21170280189178106
2018-08-03,-0.159408007369387
2018-08-06,-0.18522490701024857
2018-08-07,-0.23904936069566837
2018-08-08,-0.2360287939419294
2018-08-09,-0.18563839343872757
2018-08-10,-0.17065982915818273
2018-08-13,-0.13481528450699573
2018-08-14,-0.14158618677943546
2018-08-15,-0.18273841249698783
2018-08-16,-0.07486941904642025
2018-08-17,-0.0653671467302246
2018-08-20,-0.09206390862965483
2018-08-21,-0.12424883333435863
2018-08-22,-0.11687335287897704
2018-08-23,-0.058238046868252916
2018-08-24,-0.0732981442429376
2018-08-27,-0.020167051926021282
2018-08-28,0.13534424885694366
2018-08-29,0.11705903803569173
2018-08-30,0.0715192202662336
2018-08-31,0.16244776447550194
2018-09-03,0.09800477725335072
2018-09-04,0.1857181039528909
2018-09-05,0.2286596152976288
2018-09-06,0.2455690688527109
2018-09-07,0.1830312393758517
2018-09-10,0.17991096347097366
2018-09-11,0.196305475530397
2018-09-12,0.22513411622540724
2018-09-13,0.21208663848509288
2018-09-14,0.13664495872093893
2018-09-17,0.11696425813545568
2018-09-18,0.03799226230092126
2018-09-19,-0.01119476531291301
2018-09-20,-0.060326867193946594
2018-09-21,-0.021286299605400523
2018-09-25,0.010435884966817579
2018-09-26,-0.04052221223691586
2018-09-27,-0.11244528118337212
2018-09-28,-0.13778211219442565
2018-10-08,-0.05502307371140306
2018-10-09,-0.10250741861104766
2018-10-10,-0.1506803957638368
2018-10-11,-0.2041417841070623
2018-10-12,-0.3199057548586899
2018-10-15,-0.3437623997749245
2018-10-16,-0.3492709616620219
2018-10-17,-0.28855297405913133
2018-10-18,-0.33596588989313
2018-10-19,-0.3437089938080764
2018-10-22,-0.22854576869254664
2018-10-23,-0.23014677985697407
2018-10-24,-0.21570196405320585
2018-10-25,-0.16658277632794707
2018-10-26,-0.12998955163581613
2018-10-29,-0.06972729214788097
2018-10-30,-0.07784360395579235
2018-10-31,-0.1253874061205808
2018-11-01,-0.10622688760726329
2018-11-02,-0.15346156697749994
2018-11-05,-0.1375666920669646
2018-11-06,-0.1535303499220438
2018-11-07,-0.12521375543973165
2018-11-08,-0.14519233784000074
2018-11-09,-0.14572378349328752
2018-11-12,-0.07496442289911781
2018-11-13,-0.05792018537682547
2018-11-14,0.0038103111459596465
2018-11-15,0.0785882328494213
2018-11-16,0.13251074314102343
2018-11-19,0.10117677543689914
2018-11-20,0.07469018611622144
2018-11-21,0.04142711408404296
2018-11-22,0.051904938897488755
2018-11-23,0.047196836122367324
2018-11-26,-0.0004599920707954564
2018-11-27,0.024501710483318454
2018-11-28,0.08636226781386462
2018-11-29,0.10846957191086173
2018-11-30,0.10764115212891126
2018-12-03,0.131296323966512
2018-12-04,0.11950823443549538
2018-12-05,0.10097696713981681
2018-12-06,0.07707258260320486
2018-12-07,0.06919928469259538
2018-12-10,0.06821936899328991
2018-12-11,0.08799823338212787
2018-12-12,0.08980552900654452
2018-12-13,0.01098153443053757
2018-12-14,0.01382240347701297
2018-12-17,0.0489256793444903
2018-12-18,0.06479792083834719
2018-12-19,-0.011837694719172984
2018-12-20,-0.025888099704210108
2018-12-21,-0.014196009965604314
2018-12-24,-0.003186360052899484
2018-12-25,-0.026051748835252676
2018-12-26,-0.04111400091789395
2018-12-27,-0.005465621977716216
2018-12-28,-0.010789841680395656
2019-01-02,-0.01836586085861492
2019-01-03,-0.12800145447202538
2019-01-04,-0.1747989479460847
2019-01-07,-0.1354032958033607
2019-01-08,-0.15168703225714386
2019-01-09,-0.17108811007073865
2019-01-10,-0.15606230452655342
2019-01-11,-0.17937222224993415
2019-01-14,-0.17299021214472032
2019-01-15,-0.1427472095113913
2019-01-16,-0.15195265726321344
2019-01-17,-0.13675270695240757
2019-01-18,-0.14605346461951407
2019-01-21,-0.11819338037643522
2019-01-22,-0.10182692354622766
2019-01-23,-0.15579790824018103
2019-01-24,-0.0852792707479521
2019-01-25,-0.09705790259157322
2019-01-28,-0.09128200202433089
2019-01-29,-0.13140665720392727
2019-01-30,-0.12750724134625974
2019-01-31,-0.26722794501796954
2019-02-01,-0.19450915737707872
2019-02-11,-0.15710840850779828
2019-02-12,-0.17788932108796285
2019-02-13,-0.19640595799861593
2019-02-14,-0.1698888028153906
2019-02-15,-0.19203580794928307
2019-02-18,-0.17356323726385564
2019-02-19,-0.14128100769056634
2019-02-20,-0.17084469443259065
2019-02-21,-0.20277725598184654
2019-02-22,-0.23334272729190048
2019-02-25,-0.12322632852827836
2019-02-26,-0.022772653943858155
2019-02-27,-0.06691338687786144
2019-02-28,-0.11264914808033688
2019-03-01,-0.17016714467398866
2019-03-04,-0.16298503934060443
2019-03-05,-0.0002958703036361471
2019-03-06,0.0946160490357038
2019-03-07,0.19652687410938968
2019-03-08,0.18737870471851512
2019-03-11,0.2547830770732329
2019-03-12,0.2879374679421333
2019-03-13,0.257636252329061
2019-03-14,0.2546671218585882
2019-03-15,0.19987719680417257
2019-03-18,0.2660074928215947
2019-03-19,0.25740396281684236
2019-03-20,0.24890159921210617
2019-03-21,0.273174033783744
2019-03-22,0.3728942697021219
2019-03-25,0.24097018436050546
2019-03-26,0.19966120657177067
2019-03-27,0.14838904358554283
2019-03-28,0.2926831381756021
2019-03-29,0.32041249506792946
2019-04-01,0.10274729896546188
2019-04-02,0.14849065186778768
2019-04-03,0.1193306090647946
2019-04-04,0.10009245159206759
2019-04-08,0.11226538366668229
2019-04-09,0.11567655137413708
2019-04-10,0.16174977037873028
2019-04-11,0.10790513403901829
2019-04-12,0.049485359984427546
2019-04-15,0.08359424509708287
2019-04-16,0.0679247434456634
2019-04-17,0.0918731929931918
2019-04-18,0.07969823013640999
2019-04-19,0.09019847842235837
2019-04-22,0.11287996462008076
2019-04-23,0.08541954455399853
2019-04-24,0.1601019967095965
2019-04-25,0.10047538757886582
2019-04-26,0.08196353838725189
2019-04-29,0.10468498990062289
2019-04-30,0.08125165574534503
2019-05-06,0.1448436745928424
2019-05-07,0.07407501645005417
2019-05-08,0.053520901088829065
2019-05-09,0.06728601368824734
2019-05-10,0.09858246917187244
2019-05-13,0.08817136458670861
2019-05-14,0.06727980755561906
2019-05-15,-0.026527678624136086
2019-05-16,-0.03634928214238054
2019-05-17,0.00662602795856669
2019-05-20,0.08705174386192101
2019-05-21,0.17537605543328255
2019-05-22,0.17749845340250675
2019-05-23,0.21959456289244794
2019-05-24,0.22194954433519226
2019-05-27,0.1481398709892149
2019-05-28,0.16578480929175735
2019-05-29,0.1197333427427045
2019-05-30,0.1944755886387343
2019-05-31,0.3260627379809167
2019-06-03,0.26709125117720145
2019-06-04,0.21668662828318358
2019-06-05,0.2936501582066778
2019-06-06,0.2696484101257982
2019-06-10,0.25763589084210264
2019-06-11,0.21625405812507487
2019-06-12,0.22484710946525738
2019-06-13,0.2413983248236396
2019-06-14,0.2753608236863848
2019-06-17,0.2333524960370424
2019-06-18,0.2384455868103423
2019-06-19,0.21122262329155148
2019-06-20,0.15136065273935473
2019-06-21,0.15694189916924248
2019-06-24,0.16935875926606225
2019-06-25,0.2573055112475584
2019-06-26,0.2597152619982847
2019-06-27,0.21713154867194853
2019-06-28,0.1997093337383186
2019-07-01,-0.032539345805679035
2019-07-02,-0.018560488930470402
2019-07-03,0.06671734350786987
2019-07-04,0.10713666802876064
2019-07-05,-0.012616606703228832
2019-07-08,0.011041230405581717
2019-07-09,0.01861376569426077
2019-07-10,0.010593626267057277
2019-07-11,0.020386961036915174
2019-07-12,-0.012610081869220247
2019-07-15,-0.02674060223601216
2019-07-16,0.00944618936679196
2019-07-17,0.033484967672986095
2019-07-18,-0.02450630772504294
2019-07-19,-0.032795740577050515
2019-07-22,-0.0413586457446363
2019-07-23,-0.037297819720758234
2019-07-24,-0.006662767844374916
2019-07-25,-0.02513206164385434
2019-07-26,-0.006190623802507107
2019-07-29,-0.015057963485230585
2019-07-30,0.03815961933658709
2019-07-31,0.11685933784847265
2019-08-01,0.2212932365761048
2019-08-02,0.16364915665351115
2019-08-05,0.18708880230757347
2019-08-06,0.17466043456443
2019-08-07,0.18078366626641362
2019-08-08,0.1751707467496177
2019-08-09,0.19237182890269272
2019-08-12,0.24037731793494566
2019-08-13,0.23318673342270577
2019-08-14,0.18994635073519253
2019-08-15,0.17708653232487978
2019-08-16,0.16989512464990175
2019-08-19,0.19065488643292028
2019-08-20,0.14301170355107198
2019-08-21,0.17742941279553026
2019-08-22,0.11078162943731792
2019-08-23,0.05920496225189425
2019-08-26,-0.004282427420784434
2019-08-27,-0.05015597026646779
2019-08-28,-0.0077129103950317
2019-08-29,-0.006454487899848708
2019-08-30,-0.01839461183123775
2019-09-02,-0.09375011160871072
2019-09-03,-0.011738716781452186
2019-09-04,0.04236985590846499
2019-09-05,0.06407193735429599
2019-09-06,0.09860206265637284
2019-09-09,0.08592964197957258
2019-09-10,0.03712482095113244
2019-09-11,0.09164737464111082
2019-09-12,0.08858829702452847
2019-09-16,0.1023320531753014
2019-09-17,0.060655592946702634
2019-09-18,0.006645968516482221
2019-09-19,0.07099047568110434
2019-09-20,0.03161305393070349
2019-09-23,0.092069023569263
2019-09-24,0.07350378568510464
2019-09-25,0.09969653218144696
2019-09-26,0.08186316174730632
2019-09-27,0.08714305305074696
2019-09-30,-0.0003187838971360413
2019-10-08,-0.07343848908552256
2019-10-09,0.006257860066581068
2019-10-10,-0.03430140076328893
2019-10-11,-0.036200952620979596
2019-10-14,0.03825987536258314
2019-10-15,-0.04756740484407699
2019-10-16,-0.06041553977432992
2019-10-17,-0.024020353803747157
2019-10-18,-0.024449990417419125
2019-10-21,-0.017178900230389794
2019-10-22,0.01420771012931822
2019-10-23,-0.014789524552914655
2019-10-24,0.021090214038477845
2019-10-25,0.028156064714771712
2019-10-28,0.11058399012443446
2019-10-29,0.022088941254491106
2019-10-30,0.04482493550841813
2019-10-31,0.08565076702573493
2019-11-01,0.016636164025814377
2019-11-04,0.028947628943177824
2019-11-05,0.04882260073810446
2019-11-06,-0.0009969205398058542
2019-11-07,-0.02480319677139688
2019-11-08,-0.09300433426832226
2019-11-11,-0.020875830687576404
2019-11-12,-0.06339250094964846
2019-11-13,-0.03791766851979561
2019-11-14,-0.06876587442780378
2019-11-15,-0.10550947215605798
2019-11-18,-0.15710679083222628
2019-11-19,-0.15354746920181997
2019-11-20,-0.15558749069860137
2019-11-21,-0.12915194491380833
2019-11-22,-0.081603581970697
2019-11-25,-0.11022753856547678
2019-11-26,-0.10230651292784164
2019-11-27,-0.05694253306072572
2019-11-28,-0.045992496500706234
2019-11-29,-0.010929352239639714
2019-12-02,0.07473103587113415
2019-12-03,0.04702407050953579
2019-12-04,0.036411859914494554
2019-12-05,0.07289536607841263
2019-12-06,0.11587327815784305
2019-12-09,0.11214325883871523
2019-12-10,0.11021567613823281
2019-12-11,0.099049938982476
2019-12-12,0.03697094846518324
2019-12-13,0.05014631486047333
2019-12-16,0.07627845163438303
2019-12-17,0.07534312359743262
2019-12-18,0.06452616149414278
2019-12-19,0.03803725653495716
2019-12-20,0.008107080452913935
2019-12-23,0.03470409030640197
2019-12-24,-0.00907009954265123
2019-12-25,0.010686644380915019
2019-12-26,-0.012888632559566952
2019-12-27,0.0034109194389627547
2019-12-30,-0.04125502913429206
2019-12-31,0.10664382358546814
2020-01-02,0.14103688969913394
2020-01-03,0.21723726624192996
2020-01-06,0.1709856678469677
2020-01-07,0.17015294505251455
2020-01-08,0.13100948439882132
2020-01-09,0.052421244986401716
2020-01-10,0.021986522716449672
2020-01-13,0.0006791998175631236
2020-01-14,0.03947989240989733
2020-01-15,0.006654054021180261
2020-01-16,0.009975672844536614
2020-01-17,0.01247956188638749
2020-01-20,-0.03777010317472807
2020-01-21,-0.046818326764543616
2020-01-22,-0.0716208590162689
2020-01-23,-0.04167322280367086
2020-02-03,0.08819298122146733
2020-02-04,0.08254595056375065
2020-02-05,0.11677878733157668
2020-02-06,0.10430983680428056
2020-02-07,0.10759706513308313
2020-02-10,0.10446070871432102
2020-02-11,0.04972577968267052
2020-02-12,-0.014678005539265706
2020-02-13,0.017760939010350977
2020-02-14,-0.13398538437941734
2020-02-17,-0.16398155119764746
2020-02-18,-0.16514542104070518
2020-02-19,-0.1561842982344318
2020-02-20,-0.15538382369691822
2020-02-21,-0.16924180941464154
2020-02-24,-0.12924109046537252
2020-02-25,-0.09518434876246376
2020-02-26,-0.09569368765295985
2020-02-27,-0.10917673859856436
2020-02-28,-0.1315036595577571
2020-03-02,-0.26535486334931807
2020-03-03,-0.2466218448649157
2020-03-04,-0.2486075682118087
2020-03-05,-0.24351010959921868
2020-03-06,-0.19745768681031264
2020-03-09,-0.07172545411764239
2020-03-10,-0.10438131465986834
2020-03-11,-0.10403222536955918
2020-03-12,-0.08986722999497204
2020-03-13,-0.012298558475842304
2020-03-16,0.15366422630579277
2020-03-17,0.1829417694784531
2020-03-18,0.2583386034220682
2020-03-19,0.2621519583243548
2020-03-20,0.2528779461743299
2020-03-23,0.3518508110753732
2020-03-24,0.2788031128450179
2020-03-25,0.22171713758279685
2020-03-26,0.25632733695841864
2020-03-27,0.32110615205228354
2020-03-30,0.3866706934287148
2020-03-31,0.4503519146107197
2020-04-01,0.45595185543494393
2020-04-02,0.4157697040973866
2020-04-03,0.3882426501718656
2020-04-07,0.3262350047057162
2020-04-08,0.34470938690588443
2020-04-09,0.3742145674842625
2020-04-10,0.41058648477100634
2020-04-13,0.4126596308326211
2020-04-14,0.334394122920311
2020-04-15,0.4275497360858261
2020-04-16,0.4180446675402789
2020-04-17,0.2751729504037843
2020-04-20,0.21592275591961368
2020-04-21,0.21088646771149752
2020-04-22,0.2531987580648456
2020-04-23,0.209005770813487
2020-04-24,0.16554945966720977
2020-04-27,0.2316191176842191
2020-04-28,0.23395518715961316
2020-04-29,0.25279537002452945
2020-04-30,0.20477322168217918
2020-05-06,0.1026546423761971
2020-05-07,0.11647673586227353
2020-05-08,0.1258284599301081
2020-05-11,0.18402194583806208
2020-05-12,0.19387740998885702
2020-05-13,0.12461632801355899
2020-05-14,0.09355417644553335
2020-05-15,0.09166256673406398
2020-05-18,0.07685973098670476
2020-05-19,0.08697230875142004
2020-05-20,0.0971485944238017
2020-05-21,0.19811517636205261
2020-05-22,0.29548499960813607
2020-05-25,0.2834330379080198
2020-05-26,0.2558341336085686
2020-05-27,0.30970851423909385
2020-05-28,0.28363613268995636
2020-05-29,0.3480928557039733
2020-06-01,0.2642847643540173
2020-06-02,0.27095417620055845
2020-06-03,0.17467561651215024
2020-06-04,0.28437161001260525
2020-06-05,0.2433120496443639
2020-06-08,0.27749377469959197
2020-06-09,0.29316508139894654
2020-06-10,0.33644765675579613
2020-06-11,0.2624638691283751
2020-06-12,0.30123534970648075
2020-06-15,0.23536072362161595
2020-06-16,0.21150896097457578
2020-06-17,0.20327178413792377
2020-06-18,0.16604801303555441
2020-06-19,0.18130951150406213
2020-06-22,0.17090864508724346
2020-06-23,0.09495415083907208
2020-06-24,0.10747654745951084
2020-06-29,0.11904564416295077
2020-06-30,0.13680329850328593
2020-07-01,0.16832327423613733
2020-07-02,0.21060920407393438
2020-07-03,0.2200025782792512
2020-07-06,0.27624309865916813
2020-07-07,0.272761988466754
2020-07-08,0.22692874509798944
2020-07-09,0.22517433016615715
2020-07-10,0.1397011419361476
2020-07-13,0.08799545130991855
2020-07-14,-0.028834701991354014
2020-07-15,-0.09152721651574384
2020-07-16,-0.054783081039403235
2020-07-17,-0.07370787687286236
2020-07-20,-0.10425313437749596
2020-07-21,-0.2333358195328689
2020-07-22,-0.24470356279306058
2020-07-23,-0.21729114595981905
2020-07-24,-0.007328253816961798
2020-07-27,-0.032887730882422965
2020-07-28,-0.09419789770476793
2020-07-29,-0.14697394296048188
2020-07-30,-0.0794771432465648
2020-07-31,-0.1856730203489006
2020-08-03,-0.20208398085574927
2020-08-04,-0.06581122652979626
2020-08-05,-0.20724466054873825
2020-08-06,-0.22275012964205226
2020-08-07,-0.28957382401060017
2020-08-10,-0.32884361350005253
2020-08-11,-0.37301543318537644
2020-08-12,-0.26258333217522273
2020-08-13,-0.1690546728093397
2020-08-14,-0.19898861057087697
2020-08-17,-0.21788571789199337
2020-08-18,-0.27421789129226537
2020-08-19,-0.1703754845605643
2020-08-20,-0.12343163664836594
2020-08-21,-0.13650193562168622
2020-08-24,-0.201601915035497
2020-08-25,-0.13584900337146805
2020-08-26,-0.07797260505861275
2020-08-27,-0.1373801974878656
2020-08-28,-0.16656592458889727
2020-08-31,-0.02307471098169841
2020-09-01,-0.03997626255136041
2020-09-02,0.016727160314447737
2020-09-03,0.135575500017745
2020-09-04,0.11753479850344321
2020-09-07,0.21402714229044312
2020-09-08,0.2752606962664332
2020-09-09,0.2838201382403489
2020-09-10,0.2676001515268931
2020-09-11,0.19567520282257855
2020-09-14,0.08833583184518289
2020-09-15,0.07709056278020446
2020-09-16,0.04630474634207375
2020-09-17,0.0023340397387296113
2020-09-18,0.02579133717235367
2020-09-21,0.1274644284276113
2020-09-22,0.14317273135832423
2020-09-23,-0.002782636710406436
2020-09-24,0.056963097176056465
2020-09-25,0.08792743950317107
2020-09-28,0.05751247222013982
2020-09-29,0.03163306751443724
2020-09-30,0.061119402002916635
2020-10-09,0.05183264014378895
2020-10-12,-0.03489768553950132
2020-10-13,-0.13976157256389585
2020-10-14,-0.09805817707324042
2020-10-15,-0.06568559156109588
2020-10-16,-0.05596238915985452
2020-10-19,-0.06653204174349785
2020-10-20,-0.14916609553060484
2020-10-21,-0.06661839379966325
2020-10-22,-0.042008588805463494
2020-10-23,0.047290910080049084
2020-10-26,0.029883710075040582
2020-10-27,-0.08967584589740941
2020-10-28,-0.1823097142202654
2020-10-29,-0.1665339318810913
2020-10-30,-0.13921817300525446
2020-11-02,-0.054306691790529125
2020-11-03,-0.1016171396729514
2020-11-04,-0.038355190103678424
2020-11-05,-0.005165153926394831
2020-11-06,0.008493914859464413
2020-11-09,-0.0587142878368382
2020-11-10,-0.028142773644528447
2020-11-11,0.05597652675414101
2020-11-12,0.0594031691339205
2020-11-13,0.038302505584914166
2020-11-16,-0.00014732533837083275
2020-11-17,0.04773292128796673
2020-11-18,0.007603802016821952
2020-11-19,0.060166161156819685
2020-11-20,0.07571103667633161
2020-11-23,0.2049617823772269
2020-11-24,0.252040206753375
2020-11-25,0.3135739043847717
2020-11-26,0.3550919954417015
2020-11-27,0.34875152503401435
2020-11-30,0.37799365117973777
2020-12-01,0.34936153782033
2020-12-02,0.40753994062456433
2020-12-03,0.43347413652923816
2020-12-04,0.48022858983012134
2020-12-07,0.40087574075513455
2020-12-08,0.40035653301556084
2020-12-09,0.3856488146259597
2020-12-10,0.4032406143870273
2020-12-11,0.37219117823859266
2020-12-14,0.31978882806930914
2020-12-15,0.3074715709158056
2020-12-16,0.3055993251792939
2020-12-17,0.2909286457881019
2020-12-18,0.27749500942086486
2020-12-21,0.03589394590542193
2020-12-22,0.06699886493377731
2020-12-23,0.011368015377373643
2020-12-24,-0.006307762434348361
2020-12-25,0.01010145811689257
2020-12-28,-0.003767934120640999
2020-12-29,-0.06109400017951043
2020-12-30,-0.041150319330372
2020-12-31,-0.08076176580284045
2021-01-04,-0.015776471063337228
2021-01-05,-0.040641843773327295
2021-01-06,-0.03415741519446669
2021-01-07,0.005977759654796405
2021-01-08,0.0033432810912353717
2021-01-11,-0.043370317637958275
2021-01-12,-0.05196180064337725
2021-01-13,-0.004381216949327807
2021-01-14,-0.10503438569390311
2021-01-15,-0.03513243558271129
2021-01-18,-0.034543621772146905
2021-01-19,-0.09546775348694923
2021-01-20,-0.05446161160451994
2021-01-21,0.04928475484459911
2021-01-22,0.09124817498378868
2021-01-25,0.11661746476442399
2021-01-26,0.10459302563399799
2021-01-27,0.08478049845061386
2021-01-28,0.07118893305720032
2021-01-29,0.0156472824412274
2021-02-01,0.011220853707533153
2021-02-02,-0.003463894118784602
2021-02-03,0.025058744161276805
2021-02-04,0.010863328984352286
2021-02-05,-0.4696375357208077
2021-02-08,-0.4807075093846788
2021-02-09,0.07607367069804165
2021-02-10,0.052887919047894104
2021-02-18,0.008239837085333749
2021-02-19,-0.06620171842817626
2021-02-22,-0.16619133480220688
2021-02-23,-0.5311439695559345
2021-02-24,-0.4722435222527166
2021-02-25,-0.37020916917146207
2021-02-26,-0.3263301842266592
2021-03-01,-0.3606835868254095
2021-03-02,-0.3790946549527479
2021-03-03,-0.32348100527042506
2021-03-04,-0.05118063632119203
2021-03-05,-0.037123045392792875
2021-03-08,0.1318315269536298
2021-03-09,0.3043908611691589
2021-03-10,0.0798169051018832
2021-03-11,-0.15218219700567825
2021-03-12,-0.09980610768905919
2021-03-15,0.16546668951074148
2021-03-16,0.23137454091221307
2021-03-17,0.07985014449450162
2021-03-18,0.12313301934042135
2021-03-19,0.2585757955223908
2021-03-22,0.3064904637448661
2021-03-23,0.4150613985127275
2021-03-24,0.5602092833474306
2021-03-25,0.5040579929012179
2021-03-26,0.42695906327066335
2021-03-29,0.4955566413014412
2021-03-30,0.42580587426160704
2021-03-31,0.4360884585155424
2021-04-01,0.360256738100048
2021-04-02,0.23469451672365635
2021-04-06,0.192533790999214
2021-04-07,0.2514320994290957
2021-04-08,0.23538507450740767
2021-04-09,0.198741495500704
2021-04-12,0.2941237817316374
2021-04-13,0.3789468097314997
2021-04-14,0.326903805861627
2021-04-15,0.3147316712211232
2021-04-16,0.30990021113139005
2021-04-19,0.2437716253902213
2021-04-20,0.175967481063182
2021-04-21,0.2563299534949783
2021-04-22,0.2160309397345369
2021-04-23,0.19610371295198553
2021-04-26,-0.022602666295633466
2021-04-27,-0.02194744050285141
2021-04-28,-0.048235565896822104
2021-04-29,-0.05274835784781322
2021-04-30,-0.13258424079107295
2021-05-06,0.08759903363206889
2021-05-07,0.1501616834511736
2021-05-10,0.1286849381997251
2021-05-11,0.19991855381751134
2021-05-12,0.16915994252224265
2021-05-13,0.294767773757642
2021-05-14,0.1983027640874656
2021-05-17,-0.13218669855132442
2021-05-18,-0.07280007534796536
2021-05-19,-0.15958383660411743
2021-05-20,-0.1761449062568302
2021-05-21,-0.14876742779012647
2021-05-24,-0.07201712556866287
2021-05-25,-0.14293822940581552
2021-05-26,-0.08403422667498726
2021-05-27,-0.09936271429115862
2021-05-28,0.057167235961908515
2021-05-31,0.08090646054120057
2021-06-01,0.013114461976085387
2021-06-02,-0.06304130781756317
2021-06-03,0.023333495272758846
2021-06-04,0.020505022610394465
2021-06-07,0.045596440809628824
2021-06-08,0.04763294036131055
2021-06-09,-0.0022749276861562637
2021-06-10,0.06645145047033577
2021-06-11,0.13051967664127598
2021-06-15,0.1494413580755498
2021-06-16,0.3077066935614265
2021-06-17,-0.09549754631344867
2021-06-18,-0.03376331540892277
2021-06-21,-0.032183853646858766
2021-06-22,-0.09621097987014539
2021-06-23,-0.07966864058652197
2021-06-24,-0.11192250889744239
2021-06-25,-0.2131277166462828
2021-06-28,-0.1831925381894648
2021-06-29,-0.20029464258024807
2021-06-30,-0.01523697360140667
2021-07-01,0.08546902504112076
2021-07-02,0.25362923937690324
2021-07-05,0.19892892382542698
2021-07-06,0.3024212682206386
2021-07-07,0.16128849677924306
2021-07-08,0.232482619695386
2021-07-09,0.11899813043796939
2021-07-12,-0.0013465604091818567
2021-07-13,-0.060829362295779524
2021-07-14,-0.03984825601294052
2021-07-15,-0.061179187970004704
2021-07-16,-0.057525247415995226
2021-07-19,-0.13732332352166104
2021-07-20,-0.14986652351461213
2021-07-21,-0.17712432654354085
2021-07-22,-0.18501598225747076
2021-07-23,-0.16541802848525147
2021-07-26,-0.17559957451937222
2021-07-27,-0.02803381021364385
2021-07-28,-0.038795044582051526
2021-07-29,-0.04465513118947382
2021-07-30,0.02130201997052793
2021-08-02,-0.01082045164315985
2021-08-03,-0.03471132811031267
2021-08-04,-0.006783912051870698
2021-08-05,-0.012158886603469463
2021-08-06,-0.02835395501226114
2021-08-09,-0.06307711977081382
2021-08-10,-0.04578724067252085
2021-08-11,-0.08902128424413466
2021-08-12,-0.19166788860582573
2021-08-13,-0.23784214108722235
2021-08-16,-0.18290539968962502
2021-08-17,-0.15463259800157816
2021-08-18,-0.15370350591588214
2021-08-19,-0.12929239136070755
2021-08-20,-0.06666649597749634
2021-08-23,-0.16941825859128534
2021-08-24,-0.21353180735488855
2021-08-25,-0.20072036320149209
2021-08-26,-0.2209622622407164
2021-08-27,-0.16859834412465802
2021-08-30,-0.15965197583312538
2021-08-31,-0.11074311973815498
2021-09-01,-0.1359071667817209
2021-09-02,-0.132524794110199
2021-09-03,-0.075972827370592
2021-09-06,-0.12081952159010577
2021-09-07,-0.06666428185318428
2021-09-08,-0.01187501202284559
2021-09-09,-0.01842907561391697
2021-09-10,-0.054398230564241715
2021-09-13,-0.03044996886850794
2021-09-14,-0.09132131313856282
2021-09-15,-0.025860828173754895
2021-09-16,0.05793940940311825
2021-09-17,0.0032775219346019486
2021-09-22,-0.08141920875684809
2021-09-23,-0.026362281700295528
2021-09-24,-0.07860948196299379
2021-09-27,-0.006246456279606169
2021-09-28,-0.03432302915837296
2021-09-29,0.020858510200285695
2021-09-30,-0.11964536498046074
2021-10-08,0.022933891328627873
2021-10-11,0.04023346190570579
2021-10-12,0.031250859497400384
2021-10-13,-0.00882880947275764
2021-10-14,0.01474826462306591
2021-10-15,-0.11661828589647547
2021-10-18,-0.16292528337555504
2021-10-19,-0.12225136601927619
2021-10-20,-0.12361121212520666
2021-10-21,-0.10497646637627235
2021-10-22,0.012886873656302152
2021-10-25,-0.10793431919031357
2021-10-26,-0.06975670821637188
2021-10-27,-0.07643199038118022
2021-10-28,-0.00025985351011650394
2021-10-29,-0.02521596950968914
2021-11-01,0.0316913050288065
2021-11-02,-0.022394635119696454
2021-11-03,-0.01869462881862335
2021-11-04,0.07306649656310286
2021-11-05,0.1306203062793946
2021-11-08,0.015477727143433049
2021-11-09,0.01893108127963635
2021-11-10,0.04301642368020284
2021-11-11,0.12079342760644098
2021-11-12,0.11432408226129522
2021-11-15,0.1435181463758645
2021-11-16,0.14502595665614787
2021-11-17,0.06061343239392955
2021-11-18,-0.025167373821132467
2021-11-19,-0.1534565087029263
2021-11-22,-0.14859029014428132
2021-11-23,-0.08915620336450603
2021-11-24,-0.09537942037671379
2021-11-25,-0.11205465934912183
2021-11-26,-0.10763003778718669
2021-11-29,-0.12478051662616998
2021-11-30,-0.20119645977947323
2021-12-01,-0.17173492640057447
2021-12-02,-0.1257463774495642
2021-12-03,-0.2398070868616474
2021-12-06,-0.3441334143922146
2021-12-07,-0.3728977779874033
2021-12-08,-0.49472261872403156
2021-12-09,-0.4300794696572568
2021-12-10,-0.4621837912765483
2021-12-13,-0.4635509890979268
2021-12-14,-0.492244428387749
2021-12-15,-0.48765797888994655
2021-12-16,-0.4555574959132628
2021-12-17,-0.43104771950425663
2021-12-20,-0.4021016893039296
2021-12-21,-0.4827808089411918
2021-12-22,-0.4917889557046648
2021-12-23,-0.47945881173599064
2021-12-24,-0.4486576880832782
2021-12-27,-0.36078917330614146
2021-12-28,-0.3934501775070442
2021-12-29,-0.45019824654140017
2021-12-30,-0.42588042671249005
