,portfolio
2015-01-05,0.0
2015-01-06,0.0
2015-01-07,0.0
2015-01-08,0.0
2015-01-09,0.0
2015-01-12,0.0
2015-01-13,0.0
2015-01-14,0.0
2015-01-15,0.0
2015-01-16,0.0
2015-01-19,0.0
2015-01-20,0.0
2015-01-21,0.0
2015-01-22,0.0
2015-01-23,0.0
2015-01-26,0.0
2015-01-27,0.0
2015-01-28,0.0
2015-01-29,0.0
2015-01-30,0.0
2015-02-02,0.0
2015-02-03,0.0
2015-02-04,0.0
2015-02-05,0.0
2015-02-06,0.0
2015-02-09,0.0
2015-02-10,0.0
2015-02-11,0.0
2015-02-12,0.0
2015-02-13,0.0
2015-02-16,0.0
2015-02-17,0.0
2015-02-25,0.0
2015-02-26,0.0
2015-02-27,0.0
2015-03-02,0.0
2015-03-03,0.0
2015-03-04,0.0
2015-03-05,0.0
2015-03-06,0.0
2015-03-09,0.0
2015-03-10,0.0
2015-03-11,0.0
2015-03-12,0.0
2015-03-13,0.0
2015-03-16,0.0
2015-03-17,0.0
2015-03-18,0.0
2015-03-19,0.0
2015-03-20,0.0
2015-03-23,0.0
2015-03-24,0.0
2015-03-25,0.0
2015-03-26,0.0
2015-03-27,0.0
2015-03-30,0.0
2015-03-31,0.0
2015-04-01,0.0
2015-04-02,0.0
2015-04-03,0.0
2015-04-07,0.0
2015-04-08,0.0
2015-04-09,0.0
2015-04-10,0.0
2015-04-13,0.0
2015-04-14,0.0
2015-04-15,0.0
2015-04-16,0.0
2015-04-17,0.0
2015-04-20,0.0
2015-04-21,0.0
2015-04-22,0.0
2015-04-23,0.0
2015-04-24,0.0
2015-04-27,0.0
2015-04-28,0.0
2015-04-29,0.0
2015-04-30,0.0
2015-05-04,0.0
2015-05-05,0.0
2015-05-06,0.0
2015-05-07,0.0
2015-05-08,0.0
2015-05-11,0.0
2015-05-12,0.0
2015-05-13,0.0
2015-05-14,0.0
2015-05-15,0.0
2015-05-18,0.0
2015-05-19,0.0
2015-05-20,0.0
2015-05-21,0.0
2015-05-22,0.0
2015-05-25,0.0
2015-05-26,0.0
2015-05-27,0.0
2015-05-28,0.0
2015-05-29,0.0
2015-06-01,0.0
2015-06-02,0.0
2015-06-03,0.0
2015-06-04,0.0
2015-06-05,0.0
2015-06-08,0.0
2015-06-09,0.0
2015-06-10,0.0
2015-06-11,0.0
2015-06-12,0.0
2015-06-15,0.0
2015-06-16,0.0
2015-06-17,0.0
2015-06-18,0.0
2015-06-19,0.0
2015-06-23,0.0
2015-06-24,0.0
2015-06-25,0.0
2015-06-26,0.0
2015-06-29,0.0
2015-06-30,0.0
2015-07-01,0.0
2015-07-02,0.0
2015-07-03,0.0
2015-07-06,0.0
2015-07-07,0.0
2015-07-08,0.0
2015-07-09,0.0
2015-07-10,0.0
2015-07-13,0.0
2015-07-14,0.0
2015-07-15,0.0
2015-07-16,0.0
2015-07-17,0.0
2015-07-20,0.0
2015-07-21,0.0
2015-07-22,0.0
2015-07-23,0.0
2015-07-24,0.0
2015-07-27,0.0
2015-07-28,0.0
2015-07-29,0.0
2015-07-30,0.0
2015-07-31,0.0
2015-08-03,0.0
2015-08-04,0.0
2015-08-05,0.0
2015-08-06,0.0
2015-08-07,0.0
2015-08-10,0.0
2015-08-11,0.0
2015-08-12,0.0
2015-08-13,0.0
2015-08-14,0.0
2015-08-17,0.0
2015-08-18,0.0
2015-08-19,0.0
2015-08-20,0.0
2015-08-21,0.0
2015-08-24,0.0
2015-08-25,0.0
2015-08-26,0.0
2015-08-27,0.0
2015-08-28,0.0
2015-08-31,0.0
2015-09-01,0.0
2015-09-02,0.0
2015-09-07,0.0
2015-09-08,0.0
2015-09-09,0.0
2015-09-10,0.0
2015-09-11,0.0
2015-09-14,0.0
2015-09-15,0.0
2015-09-16,0.0
2015-09-17,0.0
2015-09-18,0.0
2015-09-21,0.0
2015-09-22,0.0
2015-09-23,0.0
2015-09-24,0.0
2015-09-25,0.0
2015-09-28,0.0
2015-09-29,0.0
2015-09-30,0.0
2015-10-08,0.0
2015-10-09,0.0
2015-10-12,0.0
2015-10-13,0.0
2015-10-14,0.0
2015-10-15,0.0
2015-10-16,0.0
2015-10-19,0.0
2015-10-20,0.0
2015-10-21,0.0
2015-10-22,0.0
2015-10-23,0.0
2015-10-26,0.0
2015-10-27,0.0
2015-10-28,0.0
2015-10-29,0.0
2015-10-30,0.0
2015-11-02,0.0
2015-11-03,0.0
2015-11-04,0.0
2015-11-05,0.0
2015-11-06,0.0
2015-11-09,0.0
2015-11-10,0.0
2015-11-11,0.0
2015-11-12,0.0
2015-11-13,0.0
2015-11-16,0.0
2015-11-17,0.0
2015-11-18,0.0
2015-11-19,0.0
2015-11-20,0.0
2015-11-23,0.0
2015-11-24,0.0
2015-11-25,0.0
2015-11-26,0.0
2015-11-27,0.0
2015-11-30,0.0
2015-12-01,0.0
2015-12-02,0.0
2015-12-03,0.0
2015-12-04,0.0
2015-12-07,0.0
2015-12-08,0.0
2015-12-09,0.0
2015-12-10,0.0
2015-12-11,0.0
2015-12-14,0.0
2015-12-15,0.0
2015-12-16,0.0
2015-12-17,0.0
2015-12-18,0.0
2015-12-21,0.0
2015-12-22,0.0
2015-12-23,0.0
2015-12-24,0.0
2015-12-25,0.0
2015-12-28,0.0
2015-12-29,0.0
2015-12-30,0.0
2015-12-31,0.0
2016-01-04,0.0
2016-01-05,0.0
2016-01-06,0.0
2016-01-07,0.0
2016-01-08,0.0
2016-01-11,0.0
2016-01-12,0.0
2016-01-13,0.0
2016-01-14,0.0
2016-01-15,0.0
2016-01-18,0.0
2016-01-19,0.0
2016-01-20,0.0
2016-01-21,0.0
2016-01-22,0.0
2016-01-25,0.0
2016-01-26,0.0
2016-01-27,0.0
2016-01-28,0.0
2016-01-29,0.0
2016-02-01,0.0
2016-02-02,0.0
2016-02-03,0.0
2016-02-04,0.0
2016-02-05,0.0
2016-02-15,0.0
2016-02-16,0.0
2016-02-17,0.0
2016-02-18,0.0
2016-02-19,0.0
2016-02-22,0.0
2016-02-23,0.0
2016-02-24,0.0
2016-02-25,0.0
2016-02-26,0.0
2016-02-29,-0.0014999999999999998
2016-03-01,0.035890820552059735
2016-03-02,0.052988213405320166
2016-03-03,0.0038483454466859113
2016-03-04,-0.013981834656145862
2016-03-07,0.02396896729730917
2016-03-08,0.002493747032756751
2016-03-09,-0.03100714703669403
2016-03-10,-0.017956407527039312
2016-03-11,0.005357843074491213
2016-03-14,0.0372762180469564
2016-03-15,-0.009988283838226867
2016-03-16,-0.0013749804935188183
2016-03-17,0.03766252227713639
2016-03-18,0.036269923042072924
2016-03-21,0.045859012579133364
2016-03-22,-0.005640259642030429
2016-03-23,0.008798824263368482
2016-03-24,-0.027101391289250147
2016-03-25,0.0007300944901738162
2016-03-28,-0.010763354027678224
2016-03-29,-0.01333865446909017
2016-03-30,0.03968186613502682
2016-03-31,-0.0007325362885796572
2016-04-01,-0.0036658796112003845
2016-04-05,0.02076810172323814
2016-04-06,-0.00195929860612332
2016-04-07,-0.018740287743851718
2016-04-08,-0.013748472998252588
2016-04-11,0.022659162297752257
2016-04-12,-0.004092680184301576
2016-04-13,0.020984736865203944
2016-04-14,0.006779064299012648
2016-04-15,-0.0041699949455195244
2016-04-18,-0.022593825966593484
2016-04-19,0.0038607666104477152
2016-04-20,-0.035771025136052285
2016-04-21,-0.012031645499280624
2016-04-22,0.0063369903041249195
2016-04-25,-0.004287919756612804
2016-04-26,0.008188132069841918
2016-04-27,-0.010252942576201086
2016-04-28,0.0006696688869988604
2016-04-29,-0.003913586006063476
2016-05-03,0.023331444160717713
2016-05-04,-0.00393944520960559
2016-05-05,0.004254952437253844
2016-05-06,-0.03972160621077256
2016-05-09,-0.04318533529075588
2016-05-10,-0.002696028845092365
2016-05-11,-0.003095924868003378
2016-05-12,0.0015911855863429988
2016-05-13,-0.003505442191031415
2016-05-16,0.009996132193778248
2016-05-17,0.004673610932531524
2016-05-18,-0.016556753623476864
2016-05-19,-0.0009318968895464832
2016-05-20,0.009655254885213531
2016-05-23,0.006173185544518367
2016-05-24,-0.012730867658259008
2016-05-25,0.001536644672489096
2016-05-26,0.00037390334957272025
2016-05-27,-0.0017179115102893684
2016-05-30,-0.0013722987124394981
2016-05-31,0.050687242737717124
2016-06-01,0.0058695320764150065
2016-06-02,0.010561533617937841
2016-06-03,0.0056095916389038184
2016-06-06,0.006721422259673075
2016-06-07,0.0004113117204053011
2016-06-08,0.0007502753782675774
2016-06-13,-0.03886295929501521
2016-06-14,0.008779732056243248
2016-06-15,0.028942119014309216
2016-06-16,1.153475624428047e-05
2016-06-17,0.005252093495307605
2016-06-20,0.00985165759491691
2016-06-21,-0.010042938958565386
2016-06-22,0.013094652676817616
2016-06-23,-0.0074656171600723485
2016-06-24,-0.009823342535922598
2016-06-27,0.02022994354636245
2016-06-28,-0.0003235495280727679
2016-06-29,-0.0003792622955538133
2016-06-30,-0.00887036832836604
2016-07-01,-0.0016742291319631418
2016-07-04,0.016912721132148277
2016-07-05,0.004066527149963331
2016-07-06,0.006872340847164574
2016-07-07,0.012802609302628234
2016-07-08,-0.013677848915021178
2016-07-11,0.002507127103731422
2016-07-12,0.015070171312894747
2016-07-13,0.00465155077460058
2016-07-14,-0.0005035396160669763
2016-07-15,-0.0027790130678219675
2016-07-18,-0.009079361839072576
2016-07-19,-0.005177173039101539
2016-07-20,-0.0008969416526974216
2016-07-21,0.004058659750556004
2016-07-22,-0.015062122570043343
2016-07-25,0.0004463360104708528
2016-07-26,0.014319606292889841
2016-07-27,-0.032383394708743206
2016-07-28,0.0020450116336131327
2016-07-29,-0.004434200389458515
2016-08-01,-0.008880859051372763
2016-08-02,0.006585735524075216
2016-08-03,0.0019759150824437207
2016-08-04,0.006094466350777033
2016-08-05,-0.007757899800916932
2016-08-08,0.011463615175491654
2016-08-09,0.009022825752469033
2016-08-10,0.0017350234342222413
2016-08-11,-0.011423872541592007
2016-08-12,0.009303913506757622
2016-08-15,0.0250970569184535
2016-08-16,-0.002543226771749415
2016-08-17,6.824430540906741e-05
2016-08-18,-0.004114058416078059
2016-08-19,-0.0005903472780998303
2016-08-22,-0.006896676443116782
2016-08-23,-0.0034705430983179852
2016-08-24,-0.0032739109034449904
2016-08-25,-0.00399482833379149
2016-08-26,-0.000438611636248561
2016-08-29,-2.7211851242203808e-05
2016-08-30,0.0032772123780346403
2016-08-31,0.0009185229127913717
2016-09-01,-0.007328517815453108
2016-09-02,-0.005840406390246197
2016-09-05,-0.00030865990196600197
2016-09-06,0.01611191401061937
2016-09-07,-0.006499714077357844
2016-09-08,0.004293862736373625
2016-09-09,-0.005854055629109192
2016-09-12,-0.033310355470381796
2016-09-13,-0.0008188013458229396
2016-09-14,-0.00014240133143713632
2016-09-19,0.010325399069040604
2016-09-20,0.00015211239750386723
2016-09-21,-0.0016062102029677358
2016-09-22,0.0006849093648352733
2016-09-23,-0.005547466760776103
2016-09-26,-0.020429488218433305
2016-09-27,0.005062242305789907
2016-09-28,-0.0011545321494780712
2016-09-29,0.004143522462802653
2016-09-30,0.003147731972810613
2016-10-10,0.02284163872397749
2016-10-11,0.004282877510869102
2016-10-12,0.0023711642881142953
2016-10-13,-0.0030997680843983543
2016-10-14,-0.0023413636315327106
2016-10-17,-0.00497256395240773
2016-10-18,0.018923473870921803
2016-10-19,-0.0043288559856461475
2016-10-20,0.0036186304258328974
2016-10-21,-0.005374250174189029
2016-10-24,0.009841815471133775
2016-10-25,-0.0002742815285133836
2016-10-26,-0.0017189169959234032
2016-10-27,-0.0018065475230085574
2016-10-28,-0.007519365934621167
2016-10-31,-0.0003982623715590556
2016-11-01,0.007722091696686335
2016-11-02,-0.004269845558742899
2016-11-03,0.004397275116773118
2016-11-04,-0.0021307959608788726
2016-11-07,-0.0014486450753209794
2016-11-08,0.006229803328460463
2016-11-09,-0.0031083154001421438
2016-11-10,0.014743015377209262
2016-11-11,0.004027993255588031
2016-11-14,0.004932497961774366
2016-11-15,-0.0008482151935509717
2016-11-16,-0.0017088462300019296
2016-11-17,-0.0032260099974416
2016-11-18,-0.004573121101758316
2016-11-21,0.0038784020443629386
2016-11-22,0.00437923258155997
2016-11-23,-0.0007379233161955364
2016-11-24,0.0011406268538389922
2016-11-25,0.007121242177939661
2016-11-28,0.0036904150614421503
2016-11-29,0.0038258771025164767
2016-11-30,-0.013242689577412698
2016-12-01,0.005465564683360101
2016-12-02,-0.015367557799082016
2016-12-05,-0.003881883136978006
2016-12-06,0.0006194755364611557
2016-12-07,0.00895945342355854
2016-12-08,-0.002030928942175987
2016-12-09,-0.0035500053434095527
2016-12-12,-0.04066671267429544
2016-12-13,0.0012876410942384722
2016-12-14,-0.008692709600218953
2016-12-15,0.0036572760416527465
2016-12-16,0.0026225629404289285
2016-12-19,-0.0023296549894798045
2016-12-20,-0.006154835720392198
2016-12-21,0.007548045979882273
2016-12-22,-0.002443951419765189
2016-12-23,-0.010687196936605687
2016-12-26,0.005739578667586094
2016-12-27,-0.0018153277922284014
2016-12-28,-0.007012625599033483
2016-12-29,0.002753458503997327
2016-12-30,0.003632239416841301
2017-01-03,0.004688624729563326
2017-01-04,0.02230472037555166
2017-01-05,-9.533449487143886e-05
2017-01-06,-0.006208720090242374
2017-01-09,0.00242993458115501
2017-01-10,-0.003965749757311587
2017-01-11,-0.004065976972721
2017-01-12,-0.008667992657162569
2017-01-13,-0.005098795717339651
2017-01-16,-0.016928568945046185
2017-01-17,0.007429844927451124
2017-01-18,-0.0024413646203394765
2017-01-19,-0.0035120985503598766
2017-01-20,0.01444359321736367
2017-01-23,0.006251257753497272
2017-01-24,-0.0027833033822723587
2017-01-25,0.004081947750548727
2017-01-26,0.004042674979859299
2017-02-03,-0.00962836546950144
2017-02-06,0.008921505393101301
2017-02-07,-0.001203717965316631
2017-02-08,0.01132288817284854
2017-02-09,0.006400413547472918
2017-02-10,0.0017322591522579826
2017-02-13,0.00802574626170282
2017-02-14,-0.0025713085077077916
2017-02-15,-0.012938606152917285
2017-02-16,0.008816643408717788
2017-02-17,-0.007252090097090912
2017-02-20,0.01260929801183363
2017-02-21,0.012247161615430158
2017-02-22,0.0025496945455319373
2017-02-23,0.0021541866812751203
2017-02-24,-0.0017135758834581401
2017-02-27,-0.007279673592245887
2017-02-28,0.004394958217808328
2017-03-01,0.0020377372146763123
2017-03-02,-0.005662811610074255
2017-03-03,-0.00030021040342118944
2017-03-06,0.003890077568556502
2017-03-07,0.0009108594130793348
2017-03-08,-0.0009106172805522062
2017-03-09,-0.007479082690486701
2017-03-10,-0.0006169337263957261
2017-03-13,0.005936425902430986
2017-03-14,-0.0012699006037021527
2017-03-15,0.0009444692325019211
2017-03-16,0.005782827181339238
2017-03-17,-0.010118793468915385
2017-03-20,0.0026179786297031767
2017-03-21,0.0029485166772509484
2017-03-22,-0.004059644140887178
2017-03-23,-0.0007333143306862298
2017-03-24,0.007682087862643692
2017-03-27,0.003388955685127112
2017-03-28,-0.001827739601396827
2017-03-29,-0.0038942231592894784
2017-03-30,-0.009525126412012728
2017-03-31,0.006225793129168776
2017-04-05,0.0123677380822395
2017-04-06,0.006754659305162926
2017-04-07,0.0016407205669613846
2017-04-10,-0.004387688797587834
2017-04-11,0.0007942402390866115
2017-04-12,-0.003264058620577562
2017-04-13,0.005126642334871252
2017-04-14,-0.008549029014101619
2017-04-17,-0.0015527052546442082
2017-04-18,0.010970810378827698
2017-04-19,-0.0009325623724305196
2017-04-20,0.013226529329520982
2017-04-21,-0.006733222698576535
2017-04-24,-0.014891667501514598
2017-04-25,0.011448207993842972
2017-04-26,-0.002354730350921808
2017-04-27,0.004578544861914129
2017-04-28,-0.003082032963099274
2017-05-02,0.001476067835978263
2017-05-03,0.005185920528477372
2017-05-04,-0.005907398037511539
2017-05-05,-0.009449515518713687
2017-05-08,-0.01150552464739185
2017-05-09,0.0005723559265378292
2017-05-10,-0.006381184558263704
2017-05-11,0.008506370426088896
2017-05-12,0.007369056640422286
2017-05-15,0.004794220797182677
2017-05-16,0.019271776094300152
2017-05-17,-0.007585892455043263
2017-05-18,3.339329778232706e-06
2017-05-19,0.0009078230868485505
2017-05-22,0.002031223407296142
2017-05-23,0.0006904973581461393
2017-05-24,-0.00010633332444114318
2017-05-25,0.005954209547967489
2017-05-26,0.00028268691685688575
2017-05-31,0.001312524000331762
2017-06-01,0.0007783444866266138
2017-06-02,0.001319970116686911
2017-06-05,0.00018962567144131782
2017-06-06,0.009717292511777024
2017-06-07,0.018972435380387762
2017-06-08,0.008202363320427657
2017-06-09,0.008657355166373514
2017-06-12,-0.0007055479268570675
2017-06-13,0.00874695005336407
2017-06-14,-0.009594553255437524
2017-06-15,-0.0010768097487577864
2017-06-16,-0.0037498139898914824
2017-06-19,0.009910480610928496
2017-06-20,-0.002206339838573179
2017-06-21,0.014913048354537144
2017-06-22,-0.006004499437213961
2017-06-23,0.005334711976659981
2017-06-26,0.016645744717757493
2017-06-27,0.0017409558768467321
2017-06-28,-0.009016363258615934
2017-06-29,0.006101645881187585
2017-06-30,6.0243006184061264e-05
2017-07-03,-0.009509602787699741
2017-07-04,-0.006384191056881269
2017-07-05,0.014790431592346782
2017-07-06,0.0033799244439290353
2017-07-07,-0.00030087061381984105
2017-07-10,0.00026857961061612723
2017-07-11,-0.0004423654935589653
2017-07-12,-0.005098474721726461
2017-07-13,0.0016772223158193268
2017-07-14,0.008872508510326874
2017-07-17,-0.012677703286741681
2017-07-18,0.00457253565930027
2017-07-19,0.027178486232942937
2017-07-20,0.007485646641529323
2017-07-21,-0.0005052133993046827
2017-07-24,0.0021241188326121836
2017-07-25,-0.005736896780374124
2017-07-26,-0.0071703961133677396
2017-07-27,-0.003296012996151731
2017-07-28,0.003909446141007196
2017-07-31,0.013741251826423783
2017-08-01,0.005771232380706136
2017-08-02,-0.0041800876436589845
2017-08-03,-0.006528164415117491
2017-08-04,-0.005576095829037982
2017-08-07,0.007121341866324699
2017-08-08,0.0002317489865615457
2017-08-09,0.005372487966239654
2017-08-10,0.001684299394559329
2017-08-11,-0.02229112701767785
2017-08-14,0.013991997395186187
2017-08-15,0.0041197248482836785
2017-08-16,0.0006883059180636804
2017-08-17,0.0014614919792691654
2017-08-18,0.0031609775506170725
2017-08-21,0.002797554579402465
2017-08-22,-0.0008687383316234013
2017-08-23,-0.0013785265585235964
2017-08-24,-0.005203000989441168
2017-08-25,0.010446903783298177
2017-08-28,0.014994860796840606
2017-08-29,-0.0029515983601929524
2017-08-30,0.0029366700662322902
2017-08-31,-0.005224820847656496
2017-09-01,0.0023434624515092923
2017-09-04,0.009822470650456156
2017-09-05,0.0056612924402679584
2017-09-06,-0.001050317149229263
2017-09-07,-0.00824015885442023
2017-09-08,0.004165827381068383
2017-09-11,0.005093714200732782
2017-09-12,-0.0008776290859213163
2017-09-13,0.0032424561727543003
2017-09-14,-0.007112973591963368
2017-09-15,0.0016096110042755167
2017-09-18,0.010805035200755774
2017-09-19,-0.006141195606084334
2017-09-20,0.00506957512468488
2017-09-21,-0.001955609984419915
2017-09-22,5.4815746792813565e-05
2017-09-25,-0.00010013971600166438
2017-09-26,0.0011207848931444814
2017-09-27,0.006546067731670439
2017-09-28,0.004507619943905986
2017-09-29,0.0020980358092572158
2017-10-09,0.012357497978722673
2017-10-10,0.004464041181216207
2017-10-11,0.008503906992557361
2017-10-12,0.004738971326971793
2017-10-13,0.003957629112937054
2017-10-16,0.0006497257132536018
2017-10-17,9.711715106833772e-05
2017-10-18,0.011813090835377911
2017-10-19,-0.0038767338904947017
2017-10-20,-0.005119023275468059
2017-10-23,0.0011312744901344268
2017-10-24,0.012415766932526863
2017-10-25,0.006462864764714923
2017-10-26,0.0020309950793424127
2017-10-27,0.007198734437383137
2017-10-30,-0.0025903213825042267
2017-10-31,-1.4375252248413845e-05
2017-11-01,-0.0034956074283543003
2017-11-02,-0.0008525035848507687
2017-11-03,-0.0040247953392747605
2017-11-06,0.016214343529303194
2017-11-07,0.00503133450255622
2017-11-08,-0.006923001821778057
2017-11-09,0.006829939250213024
2017-11-10,0.009363021118343669
2017-11-13,0.008040123654970964
2017-11-14,-0.006649633002909787
2017-11-15,-0.008939688135174886
2017-11-16,0.009495063238210429
2017-11-17,-0.00480454613422578
2017-11-20,0.014770196444385032
2017-11-21,0.01192366866263728
2017-11-22,-0.005412011017609815
2017-11-23,-0.03232304227326497
2017-11-24,0.008600586882820595
2017-11-27,-0.01896543037997771
2017-11-28,0.010487841028932639
2017-11-29,0.001121374669009427
2017-11-30,-0.010638941204032172
2017-12-01,0.0045306206364870705
2017-12-04,-0.0008973411527425101
2017-12-05,-0.01806529516511121
2017-12-06,0.004535080431708801
2017-12-07,-0.013935068786681978
2017-12-08,0.015323489799107295
2017-12-11,0.022381092370168536
2017-12-12,-0.005168486414899247
2017-12-13,0.005820517075013553
2017-12-14,-0.0018730446835636813
2017-12-15,-0.012159732371959133
2017-12-18,-0.005018573982368923
2017-12-19,0.012560855504496295
2017-12-20,-0.004894647096031537
2017-12-21,0.010299927565323108
2017-12-22,-0.004318872702028687
2017-12-25,-0.00987114482979637
2017-12-26,0.002092262117917217
2017-12-27,-0.0027872007063276787
2017-12-28,0.005052665955682016
2017-12-29,-0.0009531656275358744
2018-01-02,0.013209241989192983
2018-01-03,0.011359986697936574
2018-01-04,0.008032449053182534
2018-01-05,-0.004730991740829445
2018-01-08,0.001246551738900814
2018-01-09,0.0036060131327025234
2018-01-10,-0.0007762811867366599
2018-01-11,0.00223281409589462
2018-01-12,-0.0022351423453261347
2018-01-15,-0.02837527741364289
2018-01-16,3.8509089605723916e-05
2018-01-17,-0.010999374642674364
2018-01-18,0.007900858623419051
2018-01-19,0.003913295476004452
2018-01-22,0.015155742829515005
2018-01-23,0.0074822193859784775
2018-01-24,0.004289254128389263
2018-01-25,-0.0007791680366425013
2018-01-26,-0.00014666165984379012
2018-01-29,-0.01716094381452987
2018-01-30,-0.0010878353510224508
2018-01-31,-0.009063924459442466
2018-02-01,-0.014867236482793394
2018-02-02,0.009647542962058043
2018-02-05,-0.010655345785439757
2018-02-06,-0.04928306519813133
2018-02-07,-0.006003013851341635
2018-02-08,0.015311278676288806
2018-02-09,-0.029937575033150726
2018-02-12,0.034936884240576054
2018-02-13,0.00013160623862343865
2018-02-14,0.005902497625814574
2018-02-22,0.0301411943017312
2018-02-23,0.006945234396383768
2018-02-26,0.028252478731187303
2018-02-27,-0.006956859924456455
2018-02-28,-0.0030457263000763348
2018-03-01,0.013746811319190566
2018-03-02,-0.006854052688551517
2018-03-05,0.0042068098432413315
2018-03-06,0.0112838455576602
2018-03-07,-0.00493061201901331
2018-03-08,0.008929699063434358
2018-03-09,0.009602669926509103
2018-03-12,0.005667231907201768
2018-03-13,-0.008645154198330854
2018-03-14,-0.005531285977804394
2018-03-15,0.00411716874251481
2018-03-16,-0.008752880919415831
2018-03-19,0.0009816504668364115
2018-03-20,0.0014680221058581578
2018-03-21,0.00012401092627943133
2018-03-22,-0.008497476893025982
2018-03-23,-0.031815028291836266
2018-03-26,0.012555244715201258
2018-03-27,0.021214350423511014
2018-03-28,-0.014837396575878254
2018-03-29,0.012043343333118416
2018-03-30,0.009318434160229691
2018-04-02,-0.006723523378352069
2018-04-03,-0.005646517184423935
2018-04-04,-0.0023983217187109386
2018-04-09,0.00037029426198772374
2018-04-10,0.014988283128716945
2018-04-11,0.00036445580470480715
2018-04-12,-0.007863146025901581
2018-04-13,-0.005777318995818417
2018-04-16,-0.014088378705027264
2018-04-17,-0.010385564489911346
2018-04-18,0.007113913318618283
2018-04-19,0.012007323461357734
2018-04-20,-0.012389524751073595
2018-04-23,0.001013824909921151
2018-04-24,0.024124981379224173
2018-04-25,0.002027714039371664
2018-04-26,-0.015355150728432012
2018-04-27,0.0007096838051975729
2018-05-02,-0.0009760108406453228
2018-05-03,0.011911322668874638
2018-05-04,-0.004216201871572311
2018-05-07,0.01728590596949286
2018-05-08,0.012268052640315984
2018-05-09,-0.0013973234593075681
2018-05-10,0.0054549955637516875
2018-05-11,-0.0067277892856659974
2018-05-14,0.013080936208486736
2018-05-15,0.0014022870584914035
2018-05-16,-0.011796633584800856
2018-05-17,-0.005482546632354128
2018-05-18,0.010400606099414166
2018-05-21,0.019596658228391763
2018-05-22,0.0008797556127433529
2018-05-23,-0.016741661310240217
2018-05-24,-0.008665582520851214
2018-05-25,-0.006650536050216673
2018-05-28,0.0008075311458096814
2018-05-29,-0.005681823203076192
2018-05-30,-0.02979711891634334
2018-05-31,0.015973811520628357
2018-06-01,-0.017202286861438616
2018-06-04,0.004545493820347813
2018-06-05,0.00818328964586347
2018-06-06,-0.002338805633258008
2018-06-07,-0.004816892057869679
2018-06-08,-0.009960574223328026
2018-06-11,-0.011135397117104784
2018-06-12,0.029550821847432625
2018-06-13,-0.014264975944272206
2018-06-14,-0.008811950012734784
2018-06-15,-0.00738420343941587
2018-06-19,-0.03742334206056534
2018-06-20,0.020522013598087495
2018-06-21,-0.005376039521508679
2018-06-22,0.013557884590482738
2018-06-25,0.001351118470359357
2018-06-26,-0.010145564415409298
2018-06-27,-0.027178197068092592
2018-06-28,-0.020208874041886146
2018-06-29,0.02914811544332998
2018-07-02,-0.012924994850579338
2018-07-03,-0.008546101952054084
2018-07-04,-0.014960870602660192
2018-07-05,-0.018207859037383024
2018-07-06,0.0046199823703695206
2018-07-09,0.034142850683745854
2018-07-10,0.006891962201114327
2018-07-11,-0.012976555451883512
2018-07-12,0.022131756846607425
2018-07-13,0.01883185849591639
2018-07-16,-0.0007540524143716828
2018-07-17,-0.00990064815876758
2018-07-18,-0.005854687766992938
2018-07-19,-0.00886410526744485
2018-07-20,0.007520189849934279
2018-07-23,-0.007679578505286253
2018-07-24,0.02158424647591032
2018-07-25,-0.0022752570448331603
2018-07-26,-0.012287169199186479
2018-07-27,-0.003775648473747788
2018-07-30,-0.008789108737807574
2018-07-31,0.0014551107765862115
2018-08-01,-0.016983949092855666
2018-08-02,-0.013542967887504115
2018-08-03,-0.02901567272094299
2018-08-06,-0.025404659013571886
2018-08-07,0.030688619748055725
2018-08-08,-0.020126493629300336
2018-08-09,0.034205977990981
2018-08-10,0.009727719032122393
2018-08-13,0.003872671166707604
2018-08-14,-0.00755493437697561
2018-08-15,-0.02477470415614087
2018-08-16,-0.00834532011852734
2018-08-17,-0.016756461647619163
2018-08-20,0.006025708115036074
2018-08-21,0.029201344945174994
2018-08-22,-0.010201337503457504
2018-08-23,0.005549907615373286
2018-08-24,-0.0010446563564435558
2018-08-27,0.028786123100276114
2018-08-28,-0.004598994284911902
2018-08-29,-0.007587213674824102
2018-08-30,-0.011908675489036406
2018-08-31,-0.012931404407371807
2018-09-03,0.001603905356351683
2018-09-04,0.01111013928868625
2018-09-05,-0.016791076997351197
2018-09-06,-0.014662962093366242
2018-09-07,0.004287938365797516
2018-09-10,-0.015760042496831102
2018-09-11,-0.0012670603219102703
2018-09-12,-0.009551423363744498
2018-09-13,0.0021093161300853964
2018-09-14,-0.00011469126094733366
2018-09-17,-0.011181887450401724
2018-09-18,0.02070784757693799
2018-09-19,0.01839109867847249
2018-09-20,-0.001490965417959629
2018-09-21,0.02735581932132947
2018-09-25,-0.0036725072964171237
2018-09-26,0.018580534587304392
2018-09-27,-0.004730563049623588
2018-09-28,0.007532348426724955
2018-10-08,-0.04370827177335214
2018-10-09,-0.005243433552958245
2018-10-10,-0.00452785241701089
2018-10-11,-0.04733352671905027
2018-10-12,0.008735767078621835
2018-10-15,-0.016291707799578687
2018-10-16,-0.017196821064393072
2018-10-17,-0.001692939907910596
2018-10-18,-0.02930970564658909
2018-10-19,0.03368744483382143
2018-10-22,0.045394258944797046
2018-10-23,-0.028863756893821237
2018-10-24,-0.012269438504695524
2018-10-25,-0.0038392841804562256
2018-10-26,-0.017140816251995317
2018-10-29,-0.043313737967650166
2018-10-30,0.011583829235376262
2018-10-31,0.021742612942439152
2018-11-01,0.012425725826056095
2018-11-02,0.03804072988053039
2018-11-05,-0.012477192841434552
2018-11-06,-0.0023893410762768296
2018-11-07,-0.004768880983840496
2018-11-08,-0.007470997877313162
2018-11-09,-0.007982583915416414
2018-11-12,0.010579354620991107
2018-11-13,0.012597446935459297
2018-11-14,-0.010024512427810377
2018-11-15,0.008236689165678974
2018-11-16,-0.0019344305925050067
2018-11-19,0.004955725023489843
2018-11-20,-0.02308017211922811
2018-11-21,0.0007396824829815186
2018-11-22,-0.0017160164412716174
2018-11-23,-0.022650669593934924
2018-11-26,-0.0005068457055276848
2018-11-27,0.0006063642520638296
2018-11-28,0.012479205033790245
2018-11-29,-0.012218531051170598
2018-11-30,0.01063405971047587
2018-12-03,0.028914640559264702
2018-12-04,-0.0011120658482434412
2018-12-05,-0.004086587770287235
2018-12-06,-0.016520274589760468
2018-12-07,0.005057162346505221
2018-12-10,-0.009134237611025579
2018-12-11,0.00961963447389441
2018-12-12,0.0031300930403019
2018-12-13,0.01753772154640473
2018-12-14,-0.018976156109608133
2018-12-17,-0.0023355357752934654
2018-12-18,-0.009350420787144173
2018-12-19,-0.009811349386918137
2018-12-20,-0.0021366440588030983
2018-12-21,-0.011630946024463754
2018-12-24,0.008800316616568136
2018-12-25,-0.001142788666991686
2018-12-26,-0.005024833378818361
2018-12-27,-0.0011460635004496603
2018-12-28,0.007329611254305112
2019-01-02,-0.009557709355327432
2019-01-03,-0.006171728091133723
2019-01-04,0.01857299516045713
2019-01-07,0.017914598721759125
2019-01-08,-0.0009506626428510561
2019-01-09,0.0037058142500693476
2019-01-10,0.001735479726587829
2019-01-11,0.006082034377628064
2019-01-14,-0.004551809923049753
2019-01-15,0.011133382408220396
2019-01-16,0.0026251421641634515
2019-01-17,-0.006419393102885657
2019-01-18,0.01454369279680624
2019-01-21,0.00475084251565652
2019-01-22,-0.013358007308677424
2019-01-23,0.0031424720222979737
2019-01-24,0.004202332908030611
2019-01-25,0.0033854210161900974
2019-01-28,-0.002691934687646791
2019-01-29,0.0005957596997015256
2019-01-30,-0.0046054157781660315
2019-01-31,-0.004281886289787049
2019-02-01,0.014782590448547015
2019-02-11,0.022266585333887614
2019-02-12,0.01310427319599951
2019-02-13,0.01765556585084875
2019-02-14,0.004092114304639128
2019-02-15,-0.005562592438679957
2019-02-18,0.02774149609248366
2019-02-19,-0.004586503988590646
2019-02-20,0.001453297125967535
2019-02-21,0.0022420132822810078
2019-02-22,0.01943887975553755
2019-02-25,0.042390451578335014
2019-02-26,-0.0019424291562272003
2019-02-27,-0.008745135266214238
2019-02-28,-0.007954030737622748
2019-03-01,0.018987564378939704
2019-03-04,0.024709946122738295
2019-03-05,0.008879932256901068
2019-03-06,0.009356203811069365
2019-03-07,-0.00642324624833
2019-03-08,-0.02871466240919626
2019-03-11,0.026554575603393596
2019-03-12,0.013240609622231673
2019-03-13,-0.025423653984182327
2019-03-14,-0.013816773376768354
2019-03-15,0.02017298707129983
2019-03-18,0.035768107775521744
2019-03-19,-0.007302288155601896
2019-03-20,-0.002593902654906903
2019-03-21,0.0011203200334941711
2019-03-22,-0.0030820113639396444
2019-03-25,-0.019254219163710888
2019-03-26,-0.0073768837088326955
2019-03-27,0.014720865152951684
2019-03-28,-0.002709496045819674
2019-03-29,0.03539649435057876
2019-04-01,0.03651295970122974
2019-04-02,-0.004750809044965587
2019-04-03,0.008442269845505094
2019-04-04,0.014309628956153224
2019-04-08,0.0019220817287966493
2019-04-09,0.006513887839975916
2019-04-10,0.004210012555094601
2019-04-11,-0.02203772789963777
2019-04-12,-0.004991688283429383
2019-04-15,8.721458531154593e-05
2019-04-16,0.024717144461661122
2019-04-17,0.01562576802848191
2019-04-18,-0.005243611624162092
2019-04-19,0.00902970847345555
2019-04-22,-0.01777332878635901
2019-04-23,-0.008387235880699695
2019-04-24,0.006312580636967964
2019-04-25,-0.024651179991182545
2019-04-26,-0.011109639813314
2019-04-29,-0.008063956326533934
2019-04-30,0.0045862167368587725
2019-05-06,-0.07584111933126066
2019-05-07,0.004320590898021403
2019-05-08,0.0017448364638631454
2019-05-09,-0.007158230983791785
2019-05-10,0.05101332451671826
2019-05-13,-0.009783541996985468
2019-05-14,-0.0023425252712620482
2019-05-15,0.021567318737297947
2019-05-16,0.0011379552210528882
2019-05-17,-0.031587261970838415
2019-05-20,-0.004002917098806709
2019-05-21,0.018003633966718367
2019-05-22,-0.0013979609927365837
2019-05-23,-0.02267090306935033
2019-05-24,-0.010715108373623142
2019-05-27,0.03279491340067032
2019-05-28,0.0020552210152262754
2019-05-29,0.004162792634264574
2019-05-30,-0.009776063251796132
2019-05-31,-0.0034327960232922823
2019-06-03,-0.0003066972110174663
2019-06-04,-0.008881816258049902
2019-06-05,-0.0005081549777601779
2019-06-06,-0.021901097610947714
2019-06-10,0.01936848321985644
2019-06-11,0.03871980230143122
2019-06-12,-0.011180726370420148
2019-06-13,0.00204949950690152
2019-06-14,-0.01725436482238378
2019-06-17,-0.004697453456295712
2019-06-18,-8.698613342524058e-05
2019-06-19,0.024552901293259356
2019-06-20,0.02582391595430172
2019-06-21,0.010463766225279203
2019-06-24,0.00041712301932958967
2019-06-25,-0.008477162216325627
2019-06-26,0.00954094998625671
2019-06-27,0.026487176908364145
2019-06-28,0.0015975766293313137
2019-07-01,0.04214996810000633
2019-07-02,-0.001311368071817606
2019-07-03,-0.012445232974064566
2019-07-04,-0.011538412736160556
2019-07-05,0.0038360121297284396
2019-07-08,-0.02909420625302718
2019-07-09,0.0018131417405838719
2019-07-10,-0.001220940559049
2019-07-11,-0.0002786699258267876
2019-07-12,0.00962657083624435
2019-07-15,0.022193549482342884
2019-07-16,0.003766529394795115
2019-07-17,0.0014344073472144316
2019-07-18,-0.015835616729631508
2019-07-19,0.006403947129700826
2019-07-22,-0.010002453693883001
2019-07-23,0.012340975044353377
2019-07-24,0.017447111563805445
2019-07-25,0.01577902291890471
2019-07-26,0.0025374383006484093
2019-07-29,0.007286215751588578
2019-07-30,-0.0016274089272738323
2019-07-31,-0.003072278307093144
2019-08-01,-0.011690936031809302
2019-08-02,-0.013680044528062043
2019-08-05,-0.015240836642503829
2019-08-06,-0.011487962454278532
2019-08-07,-0.005556515886557032
2019-08-08,0.012647948318506444
2019-08-09,-0.01229710027276315
2019-08-12,0.016026865866575223
2019-08-13,-0.010797572895348542
2019-08-14,0.009216709685999445
2019-08-15,0.003048543812544209
2019-08-16,0.0079442887132705
2019-08-19,0.0317786640765042
2019-08-20,0.0027012535730277765
2019-08-21,-0.003481494889638703
2019-08-22,0.0046374888413247585
2019-08-23,0.0022373565885747235
2019-08-26,-0.0010546811316991798
2019-08-27,0.01947587067565982
2019-08-28,-0.008043122600728115
2019-08-29,0.00012681342701001234
2019-08-30,0.0017823924705457506
2019-09-02,0.024276946621838186
2019-09-03,0.013312178282799805
2019-09-04,0.013353920680700057
2019-09-05,0.018358905986821526
2019-09-06,0.003414674689707441
2019-09-09,0.017368935588214326
2019-09-10,-0.006585196099563577
2019-09-11,-0.0038681327501237208
2019-09-12,0.004463199008574958
2019-09-16,0.002912996644383267
2019-09-17,-0.017023762479831187
2019-09-18,0.004927216407676738
2019-09-19,0.010118186237689876
2019-09-20,0.010078218741718744
2019-09-23,-0.0051706691945033485
2019-09-24,0.003944028183456861
2019-09-25,-0.014904626334389525
2019-09-26,-0.02963520231565133
2019-09-27,0.004212265565054467
2019-09-30,-0.01957349431605118
2019-10-08,0.0077885119587283716
2019-10-09,0.011914926590810273
2019-10-10,0.01307115695709042
2019-10-11,0.002938706626899408
2019-10-14,0.010998993513693963
2019-10-15,-0.00980237567713974
2019-10-16,-0.005240875240205587
2019-10-17,-0.00333545819081135
2019-10-18,-0.016185729569513245
2019-10-21,0.0031637324602975707
2019-10-22,0.006227958633320748
2019-10-23,-0.007286619950301931
2019-10-24,-0.002341681568704813
2019-10-25,0.018316305408232245
2019-10-28,0.020500453780538365
2019-10-29,-0.0038516866546936448
2019-10-30,0.0008177713101481894
2019-10-31,-0.006999109071155366
2019-11-01,0.019975125449991638
2019-11-04,0.011936659981260882
2019-11-05,0.005066476306799641
2019-11-06,-0.0012046293266869902
2019-11-07,0.0011113470436153107
2019-11-08,-0.00397909450134889
2019-11-11,-0.023724103759570417
2019-11-12,0.0038496539995711565
2019-11-13,0.0014035480714344642
2019-11-14,0.006387179216067027
2019-11-15,-0.009971893395661903
2019-11-18,0.004152417086154767
2019-11-19,0.016895877783022144
2019-11-20,-0.0038364789155024724
2019-11-21,-0.003114643196649306
2019-11-22,-0.008948809003400471
2019-11-25,0.004080567163697672
2019-11-26,0.012468833221274163
2019-11-27,-0.0012783443290623857
2019-11-28,-0.002136765481847158
2019-11-29,-0.0023057708230835214
2019-12-02,0.0035593133099140876
2019-12-03,0.0020582000925532685
2019-12-04,0.00524040460948487
2019-12-05,0.005344106131131369
2019-12-06,0.005324408738882751
2019-12-09,-0.0027516290951314472
2019-12-10,0.0016409928106142129
2019-12-11,0.0012258443889970442
2019-12-12,-0.0011315495313905409
2019-12-13,0.006394338791809147
2019-12-16,0.008061151382124935
2019-12-17,0.009503582653197189
2019-12-18,0.00025115030458237777
2019-12-19,-0.0013730894296777173
2019-12-20,-0.004705363577126751
2019-12-23,-0.010552048706876864
2019-12-24,0.011566623341367498
2019-12-25,0.0028823705576736082
2019-12-26,0.008753696597915875
2019-12-27,0.00396871049266838
2019-12-30,0.012682487694686698
2019-12-31,0.007221117334284918
2020-01-02,0.028516369248008606
2020-01-03,-0.0018484203748750743
2020-01-06,0.0064116554663150365
2020-01-07,0.01033390832254328
2020-01-08,-0.010289691318174431
2020-01-09,0.023907417682470525
2020-01-10,-0.0014441399380949829
2020-01-13,0.015271127871190596
2020-01-14,-0.006935994290829768
2020-01-15,-0.004394264054954211
2020-01-16,0.0032605434619436104
2020-01-17,-0.0024126672005203133
2020-01-20,0.018628815637579108
2020-01-21,-0.007219007239303817
2020-01-22,0.01897587441444821
2020-01-23,-0.03325432700476883
2020-02-03,-0.07372153273054668
2020-02-04,0.017039347274856797
2020-02-05,0.012412066348020268
2020-02-06,0.025635109735965448
2020-02-07,0.001215407586019819
2020-02-10,0.018115138171970344
2020-02-11,0.012386457332756489
2020-02-12,0.006782622288723728
2020-02-13,-0.0014143149853573533
2020-02-14,0.014936719264772476
2020-02-17,0.02457275246439797
2020-02-18,-0.0032367800218928485
2020-02-19,-0.006485838823957088
2020-02-20,0.025227256303503514
2020-02-21,0.012847587832718893
2020-02-24,0.009280678316200849
2020-02-25,0.0024849863434235646
2020-02-26,-0.02559420549165898
2020-02-27,0.006747180175573332
2020-02-28,-0.04530078887516612
2020-03-02,0.03352073439122061
2020-03-03,0.004601549676631537
2020-03-04,-0.0029449193435767997
2020-03-05,0.020042374865413517
2020-03-06,-0.009224774160677922
2020-03-09,-0.045879394697456284
2020-03-10,0.02302923336688313
2020-03-11,-0.014441799368929644
2020-03-12,-0.020346207484197163
2020-03-13,-0.01488779533936864
2020-03-16,-0.06204923257556856
2020-03-17,-0.003347839344555175
2020-03-18,-0.02026551331264159
2020-03-19,-0.008239821510385208
2020-03-20,0.016273058424558725
2020-03-23,-0.05081861154554882
2020-03-24,0.019568156170304475
2020-03-25,0.04085830449272381
2020-03-26,-0.009143019708603173
2020-03-27,-0.0021928820141317073
2020-03-30,-0.009043154655938865
2020-03-31,0.00617954482264528
2020-04-01,0.015033529431858633
2020-04-02,0.05005840665849397
2020-04-03,-0.00892531092798407
2020-04-07,0.03447046735019589
2020-04-08,0.002105697511517221
2020-04-09,-0.005621755683852532
2020-04-10,-0.028636391653776978
2020-04-13,-0.01556744615427372
2020-04-14,0.04415477814766995
2020-04-15,0.007536779142156924
2020-04-16,0.011533022504540993
2020-04-17,0.01898584345661476
2020-04-20,0.01730768309929167
2020-04-21,-0.01177752293777709
2020-04-22,0.009447506753810087
2020-04-23,-0.016681185876034607
2020-04-24,-0.013508643933941045
2020-04-27,0.00901254436641452
2020-04-28,0.021288078679841133
2020-04-29,0.0025225537144931073
2020-04-30,0.037094387978065774
2020-05-06,0.017041971381156342
2020-05-07,-0.0006030531330820286
2020-05-08,0.008840043966749847
2020-05-11,-0.0006300843730212928
2020-05-12,0.008286791263262965
2020-05-13,0.006191541809019281
2020-05-14,-0.010395918123606141
2020-05-15,0.005283237265250813
2020-05-18,-0.0031417343425530044
2020-05-19,0.016536657887716688
2020-05-20,-0.007215968899048859
2020-05-21,-0.008311268524366715
2020-05-22,-0.023995563656852483
2020-05-25,-0.004198826702795058
2020-05-26,0.021981712136356912
2020-05-27,-0.01673059014924227
2020-05-28,-0.0016979765763055416
2020-05-29,0.008739208243111958
2020-06-01,0.03434000567189325
2020-06-02,-0.0029727157387981263
2020-06-03,-0.0027291673354503665
2020-06-04,0.0031750870238855993
2020-06-05,0.007646804714680041
2020-06-08,-0.0010254686083684926
2020-06-09,0.011201113431140611
2020-06-10,0.004710125684689002
2020-06-11,-0.004775218898987561
2020-06-12,-0.0037510364164245243
2020-06-15,-0.015466863530363082
2020-06-16,0.022738239205380543
2020-06-17,0.0018452714765975502
2020-06-18,0.01681892409715356
2020-06-19,0.025756226831485384
2020-06-22,0.012742496861508967
2020-06-23,0.01255859249032994
2020-06-24,0.011349857494613112
2020-06-29,-0.0002860116800118876
2020-06-30,0.015363742605057448
2020-07-01,0.007181798203942847
2020-07-02,0.008094415569219849
2020-07-03,0.012112211561260182
2020-07-06,0.041700244039484524
2020-07-07,0.025874968488976538
2020-07-08,0.020158694908950264
2020-07-09,0.021815186212254367
2020-07-10,0.008523990904932725
2020-07-13,0.04181019013344964
2020-07-14,-0.0061664245198266516
2020-07-15,-0.03480966922493514
2020-07-16,-0.06195004146117978
2020-07-17,0.020347285905635514
2020-07-20,0.02309974514193247
2020-07-21,0.0023978567158619278
2020-07-22,0.011621508091141954
2020-07-23,0.0015939013020823877
2020-07-24,-0.06062156149223834
2020-07-27,0.002702414662944112
2020-07-28,0.013964787622135115
2020-07-29,0.03442528156322906
2020-07-30,-0.0016764445310365802
2020-07-31,0.013685343416515101
2020-08-03,0.025829425708743727
2020-08-04,-0.023539957065818247
2020-08-05,0.006287921847273553
2020-08-06,0.006844840827616274
2020-08-07,-0.020683620429564516
2020-08-10,-0.0015610408719941638
2020-08-11,-0.01865052904074627
2020-08-12,-0.007388379956569265
2020-08-13,-0.011075376937946012
2020-08-14,0.005071583759886718
2020-08-17,0.02051438416910428
2020-08-18,0.008454504626253077
2020-08-19,-0.024197412627412894
2020-08-20,-0.02066812665693017
2020-08-21,0.008100209821804458
2020-08-24,0.008594881675037903
2020-08-25,-0.010071199763215894
2020-08-26,-0.02120483485108326
2020-08-27,0.019209472143570123
2020-08-28,0.0182642592323054
2020-08-31,-0.011619129795635404
2020-09-01,0.010056001327849362
2020-09-02,-0.0018403199463426943
2020-09-03,-0.0011787724844977666
2020-09-04,-0.00021250002012535105
2020-09-07,-0.03268822726336704
2020-09-08,-0.005177705353206904
2020-09-09,-0.03319120199025799
2020-09-10,0.00028971728055613485
2020-09-11,0.02212713214301781
2020-09-14,0.009133735754144038
2020-09-15,0.01437901747364039
2020-09-16,-0.0019157390225880337
2020-09-17,0.0020768493730629455
2020-09-18,0.026173686273380067
2020-09-21,-0.0012975869932684216
2020-09-22,-0.018459886292691643
2020-09-23,0.012588691878972092
2020-09-24,-0.019691910903812563
2020-09-25,0.004738972450958102
2020-09-28,-0.0019935286684699756
2020-09-29,0.01364700666789811
2020-09-30,-0.004917761139092576
2020-10-09,0.032330997759593395
2020-10-12,0.044657542500857586
2020-10-13,0.005859719747958112
2020-10-14,-0.015652608815053273
2020-10-15,-0.0059924110549178945
2020-10-16,-0.009094443026591558
2020-10-19,-0.013692448168574591
2020-10-20,0.016715388102004125
2020-10-21,-0.023922084801237302
2020-10-22,-0.004643201428627328
2020-10-23,-0.023674422229592387
2020-10-26,0.005151212556138565
2020-10-27,0.018715465524470985
2020-10-28,0.021371746760700753
2020-10-29,0.013304466897153276
2020-10-30,0.0023688746806891777
2020-11-02,0.007578534894395486
2020-11-03,0.01995755340604315
2020-11-04,-0.00046180926452651005
2020-11-05,0.022866106424798662
2020-11-06,-0.009586913539827692
2020-11-09,0.031014211537119724
2020-11-10,-0.021393148532039587
2020-11-11,-0.03626750024076271
2020-11-12,0.004833444800211216
2020-11-13,0.007761288335188799
2020-11-16,-0.0014690314496241734
2020-11-17,-0.010379980715811537
2020-11-18,-0.0052113599939408355
2020-11-19,0.01662005230469258
2020-11-20,0.008275482216456161
2020-11-23,-0.0014486585310300522
2020-11-24,-0.0017457413407068931
2020-11-25,-0.012721703678896122
2020-11-26,-0.0036110180434072185
2020-11-27,0.013082489554178019
2020-11-30,0.0060659647604023965
2020-12-01,0.015357570083788281
2020-12-02,-0.0037453299439659197
2020-12-03,-0.011767349787412186
2020-12-04,0.008402843679630038
2020-12-07,0.007051222278909152
2020-12-08,0.004615434523101919
2020-12-09,-0.014100386042750046
2020-12-10,0.004852698401967233
2020-12-11,-0.00524944187122746
2020-12-14,0.0240892843581096
2020-12-15,0.013353866497654639
2020-12-16,-0.006159611492858037
2020-12-17,0.009917662071094362
2020-12-18,0.0030556232077179387
2020-12-21,0.0338693648955201
2020-12-22,-0.018582542838515285
2020-12-23,0.032749266808066856
2020-12-24,-0.005496018243844957
2020-12-25,0.00603068260649802
2020-12-28,-0.00901998501359738
2020-12-29,-0.01869858593495735
2020-12-30,0.015232522419093909
2020-12-31,0.025734899493196763
2021-01-04,0.023533299794788867
2021-01-05,0.02213121771902897
2021-01-06,0.0021575043070440583
2021-01-07,0.012904650660052329
2021-01-08,-0.0028699131502484994
2021-01-11,-0.004587745745151005
2021-01-12,0.015623753752233597
2021-01-13,4.8238142752817306e-05
2021-01-14,-0.016873148660276314
2021-01-15,-0.010146046593733546
2021-01-18,0.01956433494881788
2021-01-19,-0.018780232897085237
2021-01-20,0.02133634802248092
2021-01-21,0.024883482573980584
2021-01-22,0.005086297358772392
2021-01-25,0.0031271934000010647
2021-01-26,-0.017778092495424752
2021-01-27,0.00023041736436211948
2021-01-28,-0.04295238782907603
2021-01-29,-0.012027732873799397
2021-02-01,0.013390413889244479
2021-02-02,0.017009903151776275
2021-02-03,-0.006239490726149372
2021-02-04,-0.008763314410535199
2021-02-05,-0.008884253986831401
2021-02-08,0.011120658048264448
2021-02-09,0.017768516538846216
2021-02-10,0.01161202443006299
2021-02-18,0.00045887807904323476
2021-02-19,8.144115135272107e-05
2021-02-22,-0.015048603224451543
2021-02-23,-0.0030096239049640663
2021-02-24,-0.01958745735379359
2021-02-25,-0.004314943685960575
2021-02-26,-0.021068566556927737
2021-03-01,0.026050033730364405
2021-03-02,-0.013060697350358436
2021-03-03,0.013081467876576401
2021-03-04,-0.037544277577338955
2021-03-05,0.0027479060246488494
2021-03-08,-0.05564469604640753
2021-03-09,-0.03258051182259566
2021-03-10,0.008016021002756862
2021-03-11,0.03393558565982881
2021-03-12,0.017458074511986294
2021-03-15,-0.0400613980562084
2021-03-16,0.01657364619275788
2021-03-17,0.01759651288018127
2021-03-18,0.022373434540165844
2021-03-19,-0.029265372909898186
2021-03-22,0.006777005224354847
2021-03-23,-0.026054412156777843
2021-03-24,-0.030216311332650736
2021-03-25,0.016741375342732463
2021-03-26,0.03638038522955197
2021-03-29,-0.00015503930625938704
2021-03-30,0.018107556773152445
2021-03-31,-0.00586807346391885
2021-04-01,0.018647406980497005
2021-04-02,0.0024695859137846116
2021-04-06,0.003731527606756437
2021-04-07,-0.0017650125571552992
2021-04-08,0.008743078527915909
2021-04-09,-0.011919734133504545
2021-04-12,-0.031546777502467656
2021-04-13,0.008812990500160696
2021-04-14,0.02083888548203544
2021-04-15,0.008035451522285833
2021-04-16,-0.005181704161008827
2021-04-19,0.03791843935273271
2021-04-20,0.005833811944305109
2021-04-21,-0.002537131152103726
2021-04-22,0.0047578565961352536
2021-04-23,0.02264003769527253
2021-04-26,0.0077285451217533364
2021-04-27,0.003677785568133484
2021-04-28,0.02033357881659367
2021-04-29,0.003973103216450402
2021-04-30,-0.00027697762801098813
2021-05-06,-0.005701934995985317
2021-05-07,-0.014671946599931172
2021-05-10,0.003715823455110845
2021-05-11,0.007580951492850399
2021-05-12,0.0047638013790073
2021-05-13,-0.010613810202151092
2021-05-14,0.02450634423393384
2021-05-17,0.013567898557011333
2021-05-18,0.004447003379711018
2021-05-19,-0.00563000265146584
2021-05-20,-0.005513395983959644
2021-05-21,-0.009268558120283602
2021-05-24,-0.004189926665952906
2021-05-25,0.025697918113509473
2021-05-26,0.003281088280248128
2021-05-27,0.00926619809754036
2021-05-28,-0.007793463201813459
2021-05-31,0.00942924358726964
2021-06-01,0.002682743524504454
2021-06-02,-0.017124957635686635
2021-06-03,-0.014118340492999456
2021-06-04,-0.004138541529627782
2021-06-07,0.008002146977429386
2021-06-08,-0.00878071495137679
2021-06-09,0.01599282030653711
2021-06-10,0.021776290586238523
2021-06-11,0.009040564380580493
2021-06-15,-0.007057513352144716
2021-06-16,-0.031545646781371076
2021-06-17,0.019139470933206056
2021-06-18,0.011235512469410167
2021-06-21,0.01106886597332737
2021-06-22,0.00037646518838945603
2021-06-23,0.0057400548218275605
2021-06-24,-0.00027692463232888967
2021-06-25,0.025873940080929057
2021-06-28,0.005500704211559873
2021-06-29,-0.006749345104529781
2021-06-30,0.00866091513741817
2021-07-01,-0.002603048740485807
2021-07-02,-0.02291159791822515
2021-07-05,0.01011418781788938
2021-07-06,-0.0013606807868592396
2021-07-07,0.02699112830946917
2021-07-08,-0.009457627612886025
2021-07-09,-0.004707650495962578
2021-07-12,0.012243605731673466
2021-07-13,0.005774098108022215
2021-07-14,-0.01137224587283029
2021-07-15,0.018565497942243204
2021-07-16,-0.008591846312976355
2021-07-19,0.0028189449661457163
2021-07-20,0.0020111815529666077
2021-07-21,0.01636909979558669
2021-07-22,0.011675188130883774
2021-07-23,-0.0052147933185886204
2021-07-26,-0.03264301423770212
2021-07-27,-0.03452470023589912
2021-07-28,-0.0013024867105360543
2021-07-29,0.01605006985499677
2021-07-30,-0.004498015705234674
2021-08-02,0.0071157701480056915
2021-08-03,-0.019923526780237122
2021-08-04,0.02381323371185678
2021-08-05,-0.007848498492255246
2021-08-06,0.0037274412456317642
2021-08-09,0.0035172012558119603
2021-08-10,0.011351444220929686
2021-08-11,0.008860925463387256
2021-08-12,0.007971763734765068
2021-08-13,-0.004196732690917393
2021-08-16,0.0011174367674548634
2021-08-17,-0.02813491248811911
2021-08-18,0.004226533316905971
2021-08-19,0.00041959354066393924
2021-08-20,-0.01016432427931515
2021-08-23,0.019167384925047614
2021-08-24,0.01719008143854101
2021-08-25,0.014412017138759926
2021-08-26,-0.004829158263535355
2021-08-27,0.010698817195870042
2021-08-30,0.007365886783203301
2021-08-31,0.004325055089989569
2021-09-01,-0.011850996868195924
2021-09-02,-0.013359909387667289
2021-09-03,-0.00026487231766173826
2021-09-06,0.030998484982783597
2021-09-07,-0.00027899756475578544
2021-09-08,-0.009994636183308474
2021-09-09,-0.005054296350584105
2021-09-10,0.01501686452565899
2021-09-13,-0.014936462138604938
2021-09-14,0.006930464117718183
2021-09-15,-0.006757068420273856
2021-09-16,-0.0191777849977719
2021-09-17,0.017973631993110528
2021-09-22,0.0029195603898700836
2021-09-23,0.002144043290747081
2021-09-24,0.0010015536078008048
2021-09-27,-0.0012733089098581202
2021-09-28,0.003291715010466879
2021-09-29,-0.016680977388408486
2021-09-30,0.01326434577029267
2021-10-08,-0.02805450353134289
2021-10-11,-0.0046030585540722474
2021-10-12,-0.018996246216588384
2021-10-13,0.02653243585524426
2021-10-14,-0.003545791975473633
2021-10-15,0.01894324719395227
2021-10-18,0.024274133166419246
2021-10-19,0.0034376996532886985
2021-10-20,0.0020537497412847173
2021-10-21,0.0010832083337859086
2021-10-22,-0.01339614480369229
2021-10-25,0.027056831376853396
2021-10-26,0.0003037934136992717
2021-10-27,-0.0051758554579976876
2021-10-28,-0.026531640816511597
2021-10-29,0.005109751551608426
2021-11-01,-0.011259985251797626
2021-11-02,-0.0070915513833539
2021-11-03,0.00207112279701458
2021-11-04,0.0035133115888511717
2021-11-05,-0.022204784121998247
2021-11-08,0.017570052414465957
2021-11-09,0.0017066230612796918
2021-11-10,-0.015944867466441384
2021-11-11,0.00982121560835066
2021-11-12,-0.0027395936643070415
2021-11-15,-0.029401998008519857
2021-11-16,-0.008019618710880288
2021-11-17,0.019831260489108122
2021-11-18,0.003760578277708622
2021-11-19,0.019716491243125012
2021-11-22,0.02347945664074759
2021-11-23,0.002965534154027735
2021-11-24,0.002049035872911257
2021-11-25,-0.002679216337163773
2021-11-26,0.003067948087339069
2021-11-29,0.006076203964572983
2021-11-30,-0.004494289540470782
2021-12-01,-0.009474054570616496
2021-12-02,-6.575029391800847e-05
2021-12-03,0.006043871251984878
2021-12-06,-0.012547976577016288
2021-12-07,-0.01587756855246921
2021-12-08,0.02181552324525154
2021-12-09,-0.0012300110603375436
2021-12-10,0.01125669195369384
2021-12-13,0.015272609823729594
2021-12-14,-0.01237343997866791
2021-12-15,-0.005032235827789999
2021-12-16,0.006693319676463288
2021-12-17,-0.022297665345451127
2021-12-20,-0.029602775803793925
2021-12-21,0.010068685665367996
2021-12-22,0.011642502304561864
2021-12-23,0.009215850628873779
2021-12-24,-0.027768715751139424
2021-12-27,-0.018075384609088457
2021-12-28,0.01484819282557609
2021-12-29,-0.01529562304325672
2021-12-30,0.007263926089242749
2021-12-31,0.006181800095928765
2022-01-04,-0.024439545649083797
2022-01-05,-0.0354838895965882
2022-01-06,0.008543755470510393
2022-01-07,-0.019363623531928737
2022-01-10,0.0017827052360331371
2022-01-11,-0.012875273200982138
2022-01-12,0.01557163139946237
2022-01-13,-0.029078317109942506
2022-01-14,0.004921198016857257
2022-01-17,0.020484862266629128
2022-01-18,0.011100555315439133
2022-01-19,-0.016534367110199986
2022-01-20,-0.012322960839292475
2022-01-21,-0.015277131339377229
2022-01-24,0.02426650815703983
2022-01-25,-0.028467309497588227
2022-01-26,0.016395350493724703
2022-01-27,-0.02232123905262075
2022-01-28,-0.018767203326286893
2022-02-07,0.018482123109309117
2022-02-08,-0.01848470717372365
2022-02-09,0.016740277952443143
2022-02-10,-0.013195474329595063
2022-02-11,-0.02002454240387915
2022-02-14,-0.0038809234531479563
2022-02-15,0.033068883547915394
2022-02-16,0.004024175545071558
2022-02-17,0.020798727879514294
2022-02-18,0.00020179537416452274
2022-02-21,0.007667991624890879
2022-02-22,-0.0019024455929049374
2022-02-23,0.026744546720764106
2022-02-24,-0.019368881881816312
2022-02-25,0.011601766441461079
2022-02-28,0.007571259895669239
2022-03-01,-0.000815569768812571
2022-03-02,-0.011667493286631806
2022-03-03,-0.022735287874403536
2022-03-04,-0.008219163968213705
2022-03-07,-0.02715138183649453
2022-03-08,-0.02482928103702612
2022-03-09,-0.002023128769082298
2022-03-10,0.029646069474771684
2022-03-11,-0.005822786333734298
2022-03-14,-0.033051231292914145
2022-03-15,-0.038708396096432444
2022-03-16,0.04320588836673616
2022-03-17,0.01438465725428661
2022-03-18,0.004210139111809765
2022-03-21,0.008577920761347241
2022-03-22,-0.005272989465861562
2022-03-23,0.008648473792887974
2022-03-24,-0.012103957837451815
2022-03-25,-0.024623268836509175
2022-03-28,-0.004649654162952442
2022-03-29,-0.012129013107613372
2022-03-30,0.027752174863045737
2022-03-31,-0.02595247207440221
2022-04-01,0.006122114612878995
2022-04-06,-0.022419344015115986
2022-04-07,-0.01665863380932368
2022-04-08,0.000807418655002943
2022-04-11,-0.050112923685028066
2022-04-12,0.016637797021763663
2022-04-13,-0.017340382490745453
2022-04-14,0.01924381282781735
2022-04-15,0.00019865819801143298
2022-04-18,0.021089084369851005
2022-04-19,-0.008196143050899378
2022-04-20,-0.021641010647901887
2022-04-21,-0.03275892674000953
2022-04-22,-0.003805109557287111
2022-04-25,-0.060980241961740796
2022-04-26,-0.02431660520572363
2022-04-27,0.07136807765964724
2022-04-28,0.008966079534906775
2022-04-29,0.0443790451924385
2022-05-05,0.0007846509527594658
2022-05-06,-0.0275008775525894
2022-05-09,0.00024031143791199247
2022-05-10,0.02618960121624481
2022-05-11,0.02721860546145031
2022-05-12,-0.006943975580198308
2022-05-13,0.01088738342777389
2022-05-16,-0.0006818832937778403
2022-05-17,0.025936468671566546
2022-05-18,-1.2056532389818951e-06
2022-05-19,0.01862364369252579
2022-05-20,0.01960427193031543
2022-05-23,0.006819784905520689
2022-05-24,-0.038686716188860534
2022-05-25,0.010305828454819345
2022-05-26,0.006934367674828667
2022-05-27,0.0003194822276890313
2022-05-30,0.015696806777148624
2022-05-31,0.021575071064361764
2022-06-01,0.0068607816953268315
2022-06-02,0.013764181188776939
2022-06-06,0.03423910503736481
2022-06-07,-0.011392195931251438
2022-06-08,0.009697099588698445
2022-06-09,-0.011554357871017638
2022-06-10,0.03166215262329768
2022-06-13,0.005408845742364706
2022-06-14,0.00245585430759973
2022-06-15,-0.007988940015244157
2022-06-16,0.0023190977710607964
2022-06-17,0.017669678427872235
2022-06-20,-0.001561732246999019
2022-06-21,-0.009639490823530482
2022-06-22,-0.018449028253154507
2022-06-23,0.019995413098206558
2022-06-24,0.017831370325523725
2022-06-27,0.005083871942415489
2022-06-28,0.015279468658161485
2022-06-29,-0.036535736404438655
2022-06-30,0.01593701722730625
2022-07-01,0.0024095063242064343
2022-07-04,0.012236249159516287
2022-07-05,0.0027685869052031923
2022-07-06,-0.007208045948152072
2022-07-07,0.014616125660413336
2022-07-08,-0.008221446171585765
2022-07-11,-0.02377084322321622
2022-07-12,-0.010008888326911183
2022-07-13,0.01034855414352961
2022-07-14,0.0185959831692199
2022-07-15,-0.006429438523853245
2022-07-18,0.012168142451619185
2022-07-19,-0.0024962498688217137
2022-07-20,0.006868788548330662
2022-07-21,-0.010608955529973065
2022-07-22,-0.002319024056385525
2022-07-25,-0.017463353835410172
2022-07-26,0.00932631243262279
2022-07-27,0.0012258877846381287
2022-07-28,0.00488538082735782
2022-07-29,-0.004951166779252846
2022-08-01,0.015327686042114578
2022-08-02,-0.020143020734302304
2022-08-03,-0.0104286019780776
2022-08-04,0.008077081965530551
2022-08-05,0.01702433043551673
2022-08-08,0.0051583393772267365
2022-08-09,0.009150571315959645
2022-08-10,-0.0076670308340349115
2022-08-11,0.024003162948702885
2022-08-12,-0.00765218690000074
2022-08-15,0.023711225121503702
2022-08-16,-0.0052923593416164625
2022-08-17,0.004066868692661886
2022-08-18,0.0008072285540293386
2022-08-19,-0.020587883862320727
2022-08-22,0.01785033330735682
2022-08-23,0.0008528298000494702
2022-08-24,-0.035224961380437216
2022-08-25,-0.0008582227269784567
2022-08-26,-0.005367758051185458
2022-08-29,0.0027389399302358026
2022-08-30,-0.010704915645306646
2022-08-31,-0.024387493234011768
2022-09-01,-0.011023495210801489
2022-09-02,0.008279931620665402
2022-09-05,0.007116111592857468
2022-09-06,0.0284704559665325
2022-09-07,0.017430397910082364
2022-09-08,-0.010948621800673854
2022-09-09,0.004620465412063807
2022-09-13,-0.005065570449092182
2022-09-14,-0.015255804324230182
2022-09-15,-0.03359708114455476
2022-09-16,-0.024884987943495637
2022-09-19,0.0077518264835557335
2022-09-20,0.011653461153313801
2022-09-21,-0.005905941226271756
2022-09-22,-0.001875529648514577
2022-09-23,-0.01704312367354098
2022-09-26,-0.0004427345230679302
2022-09-27,0.0063327674907562425
2022-09-28,-0.03433684458403448
2022-09-29,0.010256723662532974
2022-09-30,-0.019670714136493597
2022-10-10,-0.03172005309005808
2022-10-11,0.018616370080091742
2022-10-12,0.026214270564622024
2022-10-13,-0.008169948972304317
2022-10-14,0.025446537294197956
2022-10-17,-0.0013345595010880915
2022-10-18,0.004403233409796166
2022-10-19,-0.007943323127516604
2022-10-20,-0.009016041054478643
2022-10-21,-0.0012061291730339175
2022-10-24,-0.017063151511326282
2022-10-25,0.0003840171070372494
2022-10-26,0.013605853630221851
2022-10-27,-0.009025855296351453
2022-10-28,-0.03706539248545698
2022-10-31,-0.0035273447587994325
2022-11-01,0.032312870289216165
2022-11-02,0.018150050318902308
2022-11-03,0.004189403554377139
2022-11-04,0.039296332626883416
2022-11-07,0.0038474904173592672
2022-11-08,-0.00740286718407133
2022-11-09,-0.015635093443029935
2022-11-10,-0.020739999013200304
2022-11-11,0.012662559436755354
2022-11-14,-0.01336331409720132
2022-11-15,0.024712248438176442
2022-11-16,-0.01043957046945417
2022-11-17,-0.010743615397043679
2022-11-18,-0.00577250566146385
2022-11-21,0.0035744247707034287
2022-11-22,-0.01130657376099438
2022-11-23,0.005362216651751527
2022-11-24,0.0021760943993661824
2022-11-25,-0.015385063895760751
2022-11-28,-0.009967752676477332
2022-11-29,0.01131551297414956
2022-11-30,0.0016329535530863102
2022-12-01,0.00766008345712894
2022-12-02,-0.009674286806807299
2022-12-05,0.005573495397027079
2022-12-06,0.0038401212707899223
2022-12-07,-0.002121430191910031
2022-12-08,-0.0014071668144677563
2022-12-09,-0.0006089433613082452
2022-12-12,-0.003313003848841608
2022-12-13,-0.014864920110368041
2022-12-14,-0.00374638455521397
2022-12-15,0.014430319985439734
2022-12-16,-0.013489482886576917
2022-12-19,-0.00852069949327836
2022-12-20,-0.005327512459758717
2022-12-21,-0.009880486366294794
2022-12-22,-0.01640779240759613
2022-12-23,-0.008567976747452456
2022-12-26,0.03131484709668556
2022-12-27,0.009146678990519883
2022-12-28,-0.008401354986773867
2022-12-29,-0.003405144424597272
2022-12-30,-0.003186483046064858
2023-01-03,0.024911434121805257
2023-01-04,-0.01993094441179726
2023-01-05,0.020436087609216926
2023-01-06,0.015762148139101817
2023-01-09,0.007829824573560705
2023-01-10,0.003237889343910975
2023-01-11,-0.009798174874737721
2023-01-12,0.00475588799284183
2023-01-13,-0.0006735895958017602
2023-01-16,0.009391866083032913
2023-01-17,0.0019163546916955575
2023-01-18,0.005182306166749733
2023-01-19,9.426157947569616e-05
2023-01-20,0.013488005087027017
2023-01-30,0.00901656221726035
2023-01-31,-0.0006515041265060194
2023-02-01,0.014259246677943043
2023-02-02,0.0028799703053481156
2023-02-03,-0.004686690055822076
2023-02-06,-0.004495191169412712
2023-02-07,0.0036403141425866907
2023-02-08,-0.005621292743431501
2023-02-09,0.020688301698676977
2023-02-10,-0.0014983333579490737
2023-02-13,0.006676438198582735
2023-02-14,0.0013646369286260097
2023-02-15,-0.0008785705607768255
2023-02-16,-0.021880577321146805
2023-02-17,-0.01612290485234508
2023-02-20,0.013448286802442767
2023-02-21,0.00702466147906297
2023-02-22,-0.0052594934636982504
2023-02-23,0.0020526510163438394
2023-02-24,-0.0042785816960762444
2023-02-27,-0.0019093374644775043
2023-02-28,0.009257819058138599
2023-03-01,0.006630500728666968
2023-03-02,-0.0023103273275045066
2023-03-03,0.001032778777107811
2023-03-06,0.0029190334835138628
2023-03-07,-0.01731116949796397
2023-03-08,0.001097930057163432
2023-03-09,0.00010479339621885335
2023-03-10,-0.016017007887357694
2023-03-13,0.005538952434131664
2023-03-14,-0.006782726551733887
2023-03-15,0.0023633042646300654
2023-03-16,-0.024617788407463682
2023-03-17,0.009108384006700535
2023-03-20,0.01639252219571295
2023-03-21,0.01382579274674101
2023-03-22,0.01112586956170448
2023-03-23,0.012685421159093168
2023-03-24,0.003426797488734434
2023-03-27,0.0028756698444260724
2023-03-28,-0.011688438676342488
2023-03-29,0.0031887319750584556
2023-03-30,0.0028517807653335374
2023-03-31,0.006868181185234442
2023-04-03,0.020269158482785432
2023-04-04,-0.0047018487256531806
2023-04-06,0.00931685636279375
2023-04-07,0.00611776042854041
2023-04-10,-0.003286601065532191
2023-04-11,0.002403774546792958
2023-04-12,-0.0009723815779960952
2023-04-13,-0.014099348892931369
2023-04-14,0.016853419332326834
2023-04-17,0.004755332525541405
2023-04-18,0.009515697970383777
2023-04-19,-0.009823492971422175
2023-04-20,0.004010890260585468
2023-04-21,-0.03091013626438471
2023-04-24,-0.010627215154132778
2023-04-25,-0.029510508346872043
2023-04-26,0.014544772458682588
2023-04-27,-0.007541586549765438
2023-04-28,0.007926976011986067
2023-05-04,-0.01083044829136785
2023-05-05,-0.016223501231174997
2023-05-08,0.004616063731307277
2023-05-09,-0.008444078894683026
2023-05-10,0.005339420922346908
2023-05-11,0.007281223006823805
2023-05-12,-0.017389933382413816
2023-05-15,0.0223756149395776
2023-05-16,-0.0030070551366355837
2023-05-17,0.002015880472338486
2023-05-18,0.009128043503932379
2023-05-19,-0.010601932092709413
2023-05-22,-0.0008104818376290137
2023-05-23,-0.01313062173133441
2023-05-24,0.0024523759175043786
2023-05-25,0.011149787838716813
2023-05-26,-0.002740832213362578
2023-05-29,-0.003728640342330803
2023-05-30,0.00846168765752655
2023-05-31,-0.001668394651383048
2023-06-01,-0.002439038850927678
2023-06-02,0.013572691419401189
2023-06-05,-0.0013192995311818762
2023-06-06,-0.015756750616593554
2023-06-07,-0.009514727392294652
2023-06-08,-0.002469312539184627
2023-06-09,0.01945913532418379
2023-06-12,0.01038679548752318
2023-06-13,0.011087598637190148
2023-06-14,0.001461230865785345
2023-06-15,0.021913145561135376
2023-06-16,0.012340210534015107
2023-06-19,0.01061544324093823
2023-06-20,0.002760630026111829
2023-06-21,-0.03168430143392703
2023-06-26,-0.011953630310359776
2023-06-27,0.006365095438376751
2023-06-28,-0.003159972842637123
2023-06-29,-0.001982742677369817
2023-06-30,0.012959821186234136
2023-07-03,0.007666297780880513
2023-07-04,0.009031602434018493
2023-07-05,-0.0062948221908193675
2023-07-06,-0.002340252334150191
2023-07-07,-0.010879424656418467
2023-07-10,0.007708092143217745
2023-07-11,0.01206104262492039
2023-07-12,-0.012177494068865233
2023-07-13,0.016983763512311185
2023-07-14,-0.0005271943829122611
2023-07-17,-0.004218218688765268
2023-07-18,-0.005879553020068617
2023-07-19,-0.005847695114598768
2023-07-20,-0.0153721349084499
2023-07-21,-0.006411141954043001
2023-07-24,-0.005411269405234356
2023-07-25,0.017838314512986727
2023-07-26,-0.003394724598363464
2023-07-27,-0.008080182914338431
2023-07-28,0.010700397196297872
2023-07-31,0.0128434512875297
2023-08-01,0.0027847530699160053
2023-08-02,-0.007270725197626205
2023-08-03,0.0020106788388938646
2023-08-04,0.010392507178671751
2023-08-07,-0.003223338610438457
2023-08-08,-0.004640451957436564
2023-08-09,-0.01091405561353156
2023-08-10,0.0011974251110810226
2023-08-11,-0.017532422875781557
2023-08-14,-0.0038802706279060786
2023-08-15,-0.011600313862954296
2023-08-16,-0.0157127527314383
2023-08-17,0.004180313763198407
2023-08-18,-0.022086997919194627
2023-08-21,-0.012184578463751013
2023-08-22,0.01035333075742006
2023-08-23,-0.025037661219826323
2023-08-24,0.007886737137515793
2023-08-25,-0.018184270739972717
2023-08-28,0.010787115259701965
2023-08-29,0.022879355035428352
2023-08-30,0.007194465425721108
2023-08-31,-0.005746824902009129
2023-09-01,0.0011395239919577064
2023-09-04,0.01813574432430463
2023-09-05,-0.003628096672236976
2023-09-06,-0.0018630549159043383
2023-09-07,-0.021514797087973474
2023-09-08,-0.005310067196407805
2023-09-11,0.014694876552955182
2023-09-12,0.002477618511075223
2023-09-13,-0.01494832322475233
2023-09-14,-0.0011862186534500516
2023-09-15,-0.006301047346158096
2023-09-18,0.0051362806665605125
2023-09-19,-0.0022190037111449843
2023-09-20,-0.007768345012076664
2023-09-21,-0.00706473524751545
2023-09-22,0.024848199306540416
2023-09-25,-0.0042635879982767366
2023-09-26,-0.004447081517582138
2023-09-27,0.013359560272499302
2023-09-28,0.008828720270453163
2023-10-09,0.004342088813773981
2023-10-10,-0.004308266496104358
2023-10-11,-0.00016107111660031582
2023-10-12,0.013405519983510625
2023-10-13,-0.012651346406016405
2023-10-16,-0.012155461902585676
2023-10-17,0.002717197109016041
2023-10-18,-0.01109807302648051
2023-10-19,-0.01860271571778771
2023-10-20,-0.001941728190478235
2023-10-23,-0.017360804299988743
2023-10-24,0.009297050159746075
2023-10-25,-0.00494631934821247
2023-10-26,0.0013183152323399498
2023-10-27,0.021471442953279223
2023-10-30,0.010849512009011755
2023-10-31,-0.009187251713580976
2023-11-01,-0.006204964472338079
2023-11-02,-0.007465309358254673
2023-11-03,0.016414685585833838
2023-11-06,0.02535466471497333
2023-11-07,0.0039068005411774034
2023-11-08,-1.4325930738075894e-05
2023-11-09,0.005641920986517259
2023-11-10,-0.007368692729964002
2023-11-13,0.002107262089047172
2023-11-14,-0.001997426790698949
2023-11-15,0.009463448890322934
2023-11-16,-0.016790168942994035
2023-11-17,0.008714022563423322
2023-11-20,-0.0028607914183685903
2023-11-21,-0.005193570293529995
2023-11-22,-0.01974111328268537
2023-11-23,0.010081425227295769
2023-11-24,-0.015281727918758438
2023-11-27,-0.0005898856881389095
2023-11-28,0.0022085820066140537
2023-11-29,-0.010118594146188634
2023-11-30,-0.0006542286367489065
2023-12-01,0.004977775274246301
2023-12-04,-0.0051899870203905496
2023-12-05,-0.015670700132042175
2023-12-06,0.011692125790890183
2023-12-07,0.0033031156981495726
2023-12-08,0.011796047109560141
2023-12-11,0.00893268797080556
2023-12-12,-0.003331207961866996
2023-12-13,-0.012838330837012527
2023-12-14,-0.0028882358365811102
2023-12-15,-0.0049706834312538304
2023-12-18,-0.009039273915678584
2023-12-19,0.004380335345193756
2023-12-20,-0.0157413731420128
2023-12-21,0.013689265459413168
2023-12-22,0.0019433769786982164
2023-12-25,0.007006333408649913
2023-12-26,-0.007643919223483933
2023-12-27,-0.001467585129042629
2023-12-28,0.026504297730812098
2023-12-29,0.01035823350441367
2024-01-02,-0.009791011946854543
2024-01-03,-0.0019237965640952967
2024-01-04,-0.011695968218871325
2024-01-05,-0.013291328777290962
2024-01-08,-0.012131446211718421
2024-01-09,0.0022953607419049504
2024-01-10,-0.004473386575301635
2024-01-11,0.015279591929305694
2024-01-12,-0.0053537263960650025
2024-01-15,-0.0016641641395338165
2024-01-16,0.010392154383960326
2024-01-17,-0.021961535502519527
2024-01-18,0.02289959477968372
2024-01-19,-0.008815714257053518
2024-01-22,-0.02406518529689663
2024-01-23,0.013212730648012165
2024-01-24,0.004450561485749512
2024-01-25,0.019244138236234432
2024-01-26,-0.01887279863965556
2024-01-29,-0.03349337701041312
2024-01-30,-0.017225961603967676
2024-01-31,-0.01370492912075239
2024-02-01,0.008337121953538073
2024-02-02,-0.021465052036627717
2024-02-05,-0.010533963194503785
2024-02-06,0.05953788172434655
2024-02-07,0.017149142245046427
2024-02-08,0.01705902376959817
2024-02-19,0.022903594494495496
2024-02-20,-0.002086288618374763
2024-02-21,0.0033431980893952754
2024-02-22,0.011497867718010153
2024-02-23,0.011256869170773611
2024-02-26,-0.0020658218418171306
2024-02-27,0.0248753138011755
2024-02-28,-0.025237767990846083
2024-02-29,0.039334293350641106
2024-03-01,0.014888067399330171
2024-03-04,0.01131131775268455
2024-03-05,-0.0088304589132478
2024-03-06,0.007644281116034197
2024-03-07,-0.01653671014275943
2024-03-08,0.01731770103937026
2024-03-11,0.01786794151724677
2024-03-12,-0.006551164035083236
2024-03-13,-0.0005582653987388959
2024-03-14,-0.003388786297578286
2024-03-15,0.01220183752983648
2024-03-18,0.023764883447071096
2024-03-19,-0.011540628371771212
2024-03-20,0.0028823084543381896
2024-03-21,-0.0046825329892376125
2024-03-22,-0.00822149964324218
2024-03-25,-0.015483810464450838
2024-03-26,0.006496745378835352
2024-03-27,-0.024969884160016068
2024-03-28,0.012580510531758638
2024-03-29,0.0038432462363547737
2024-04-01,0.017594901157936528
2024-04-02,-0.0022192775371704986
2024-04-03,-0.010006460577188556
2024-04-08,-0.008798439513814992
2024-04-09,0.008650491392397321
2024-04-10,-0.01695232495806468
2024-04-11,0.006714420663332736
2024-04-12,0.0022526723902023447
2024-04-15,0.010996062767642905
2024-04-16,-0.02822946133662341
2024-04-17,0.029885065711810294
2024-04-18,-0.004328555253263061
2024-04-19,-0.014290345403319237
2024-04-22,-0.015436423097200693
2024-04-23,-0.006987101702317601
2024-04-24,0.007672891701011986
2024-04-25,0.00027851339497978074
2024-04-26,0.018151915248936966
2024-04-29,0.02357262995375733
2024-04-30,-0.013505408932998383
2024-05-06,0.018285527856751596
2024-05-07,0.0014144155789983144
2024-05-08,-0.011556278845161742
2024-05-09,0.014505354615394775
2024-05-10,-0.005817605578226146
2024-05-13,0.00825918431133862
2024-05-14,-0.0023505320197410844
2024-05-15,-0.008508777103198166
2024-05-16,0.0021563915001486687
2024-05-17,0.007644922044545818
2024-05-20,0.007368177434164747
2024-05-21,-0.0056395011180788044
2024-05-22,0.004548161250199149
2024-05-23,-0.015180590947817369
2024-05-24,-0.009967260429931006
2024-05-27,0.015546985418163463
2024-05-28,-0.009163566328576215
2024-05-29,0.010405643469823275
2024-05-30,0.0019590459331265348
2024-05-31,-0.007540107438972251
2024-06-03,0.012782109157140035
2024-06-04,0.011841427228905715
2024-06-05,-0.013134846962344201
2024-06-06,-0.0006332088798253759
2024-06-07,-0.01238173139292264
2024-06-11,-0.0002260874310491083
2024-06-12,0.004606482361361313
2024-06-13,0.0008464736221094603
2024-06-14,0.011478114594528662
2024-06-17,0.016351967161674447
2024-06-18,0.011202351613929004
2024-06-19,-0.009727923263994244
2024-06-20,-0.011144853149629177
2024-06-21,-0.0014165634752966799
2024-06-24,-0.013452934625497586
2024-06-25,-0.015335156583340554
2024-06-26,0.016252815892147235
2024-06-27,-0.01715991750407639
2024-06-28,0.013760718267336797
